nome,url,estrelas,criado_em,idade_anos,releases,linguagem,disk_usage_kb
Snailclimb/JavaGuide,https://github.com/Snailclimb/JavaGuide,154216,2018-05-07 13:27:00+00:00,7.85,0,Java,179863
krahets/hello-algo,https://github.com/krahets/hello-algo,123202,2022-11-04 11:08:34+00:00,3.35,10,Java,411458
GrowingGit/GitHub-Chinese-Top-Charts,https://github.com/GrowingGit/GitHub-Chinese-Top-Charts,106824,2019-09-05 03:01:56+00:00,6.52,0,Java,123199
iluwatar/java-design-patterns,https://github.com/iluwatar/java-design-patterns,93803,2014-08-09 16:45:18+00:00,11.59,0,Java,47540
macrozheng/mall,https://github.com/macrozheng/mall,83131,2018-04-04 01:11:44+00:00,7.94,3,Java,58728
spring-projects/spring-boot,https://github.com/spring-projects/spring-boot,80236,2012-10-19 15:02:57+00:00,13.4,339,Java,212590
doocs/advanced-java,https://github.com/doocs/advanced-java,78899,2018-10-06 11:38:30+00:00,7.43,1,Java,26635
MisterBooo/LeetCodeAnimation,https://github.com/MisterBooo/LeetCodeAnimation,76717,2018-12-06 08:01:22+00:00,7.27,0,Java,509807
elastic/elasticsearch,https://github.com/elastic/elasticsearch,76330,2010-02-08 13:20:56+00:00,16.09,235,Java,1574563
NationalSecurityAgency/ghidra,https://github.com/NationalSecurityAgency/ghidra,65707,2019-03-01 03:27:48+00:00,7.03,52,Java,402972
TheAlgorithms/Java,https://github.com/TheAlgorithms/Java,65200,2016-07-16 10:21:02+00:00,9.66,0,Java,6874
kdn251/interviews,https://github.com/kdn251/interviews,64946,2017-02-14 18:19:25+00:00,9.07,0,Java,24462
spring-projects/spring-framework,https://github.com/spring-projects/spring-framework,59756,2010-12-08 04:04:45+00:00,15.26,359,Java,239469
termux/termux-app,https://github.com/termux/termux-app,51903,2015-10-23 09:42:46+00:00,10.39,95,Java,5081
google/guava,https://github.com/google/guava,51500,2014-05-29 16:23:17+00:00,11.79,57,Java,1353584
dbeaver/dbeaver,https://github.com/dbeaver/dbeaver,49088,2015-10-21 08:26:28+00:00,10.39,243,Java,212145
ReactiveX/RxJava,https://github.com/ReactiveX/RxJava,48484,2013-01-08 20:11:48+00:00,13.17,243,Java,146255
skylot/jadx,https://github.com/skylot/jadx,47610,2013-03-18 17:08:21+00:00,12.99,34,Java,25134
jeecgboot/JeecgBoot,https://github.com/jeecgboot/JeecgBoot,45394,2018-11-26 10:40:00+00:00,7.29,70,Java,93569
apache/dubbo,https://github.com/apache/dubbo,41710,2012-06-19 07:56:02+00:00,13.73,113,Java,61479
PhilJay/MPAndroidChart,https://github.com/PhilJay/MPAndroidChart,38226,2014-04-25 14:29:47+00:00,11.88,44,Java,21593
halo-dev/halo,https://github.com/halo-dev/halo,38084,2018-03-21 12:56:52+00:00,7.98,252,Java,83863
TeamNewPipe/NewPipe,https://github.com/TeamNewPipe/NewPipe,37515,2015-09-03 23:39:26+00:00,10.52,141,Java,86368
eugenp/tutorials,https://github.com/eugenp/tutorials,37358,2013-04-29 18:26:36+00:00,12.87,0,Java,118603
alibaba/arthas,https://github.com/alibaba/arthas,37183,2018-08-29 17:15:57+00:00,7.54,69,Java,65955
geekxh/hello-algorithm,https://github.com/geekxh/hello-algorithm,36021,2020-05-29 05:47:09+00:00,5.79,0,Java,365053
YunaiV/ruoyi-vue-pro,https://github.com/YunaiV/ruoyi-vue-pro,35785,2021-01-24 03:18:25+00:00,5.13,54,Java,186923
doocs/leetcode,https://github.com/doocs/leetcode,35764,2018-09-16 14:03:03+00:00,7.49,21,Java,733897
airbnb/lottie-android,https://github.com/airbnb/lottie-android,35600,2016-10-06 22:42:42+00:00,9.43,63,Java,137398
bumptech/glide,https://github.com/bumptech/glide,35036,2013-07-08 22:52:33+00:00,12.68,54,Java,97797
ashishps1/awesome-system-design-resources,https://github.com/ashishps1/awesome-system-design-resources,35010,2023-10-25 01:50:42+00:00,2.38,0,Java,2340
netty/netty,https://github.com/netty/netty,34844,2010-11-09 09:22:21+00:00,15.34,0,Java,108494
SeleniumHQ/selenium,https://github.com/SeleniumHQ/selenium,34117,2013-01-14 21:40:56+00:00,13.16,114,Java,2332027
xkcoding/spring-boot-demo,https://github.com/xkcoding/spring-boot-demo,34110,2017-11-10 06:27:29+00:00,8.34,0,Java,14194
zxing/zxing,https://github.com/zxing/zxing,33884,2011-10-12 14:07:27+00:00,14.42,32,Java,243326
alibaba/easyexcel,https://github.com/alibaba/easyexcel,33761,2018-02-06 03:14:08+00:00,8.1,14,Java,26334
Blankj/AndroidUtilCode,https://github.com/Blankj/AndroidUtilCode,33706,2016-07-30 18:18:32+00:00,9.62,117,Java,47329
keycloak/keycloak,https://github.com/keycloak/keycloak,33332,2013-07-02 13:38:51+00:00,12.7,102,Java,581172
alibaba/nacos,https://github.com/alibaba/nacos,32729,2018-06-15 06:49:27+00:00,7.74,89,Java,70752
binarywang/WxJava,https://github.com/binarywang/WxJava,32629,2016-01-06 08:24:05+00:00,10.18,31,Java,19873
apache/kafka,https://github.com/apache/kafka,32138,2011-08-15 18:06:16+00:00,14.58,0,Java,279571
conductor-oss/conductor,https://github.com/conductor-oss/conductor,31500,2023-12-08 06:06:09+00:00,2.26,35,Java,34714
ityouknow/spring-boot-examples,https://github.com/ityouknow/spring-boot-examples,30646,2016-11-05 05:32:33+00:00,9.35,0,Java,1074
chinabugotech/hutool,https://github.com/chinabugotech/hutool,30340,2014-04-13 07:23:51+00:00,11.92,157,Java,74717
xuxueli/xxl-job,https://github.com/xuxueli/xxl-job,29980,2015-11-28 12:59:34+00:00,10.29,42,Java,38699
apolloconfig/apollo,https://github.com/apolloconfig/apollo,29777,2016-03-04 10:24:23+00:00,10.02,42,Java,57201
alibaba/canal,https://github.com/alibaba/canal,29623,2013-01-13 10:59:52+00:00,13.16,32,Java,24243
alibaba/spring-cloud-alibaba,https://github.com/alibaba/spring-cloud-alibaba,29077,2017-12-01 20:49:15+00:00,8.28,51,Java,56680
wuyouzhuguli/SpringAll,https://github.com/wuyouzhuguli/SpringAll,29016,2018-05-02 02:48:44+00:00,7.86,0,Java,1069
yuliskov/SmartTube,https://github.com/yuliskov/SmartTube,28798,2020-07-28 12:53:52+00:00,5.62,972,Java,102201
DrKLO/Telegram,https://github.com/DrKLO/Telegram,28703,2013-10-25 14:08:10+00:00,12.38,95,Java,641019
alibaba/druid,https://github.com/alibaba/druid,28225,2011-11-03 05:12:51+00:00,14.36,52,Java,93609
lenve/vhr,https://github.com/lenve/vhr,28077,2018-01-04 08:57:51+00:00,8.19,0,Java,8480
crossoverJie/JCSprout,https://github.com/crossoverJie/JCSprout,27013,2017-12-17 09:06:50+00:00,8.24,0,Java,1191
Anuken/Mindustry,https://github.com/Anuken/Mindustry,26843,2017-04-30 01:24:29+00:00,8.87,180,Java,1910862
qiurunze123/miaosha,https://github.com/qiurunze123/miaosha,26605,2018-09-14 04:36:24+00:00,7.49,0,Java,65716
kestra-io/kestra,https://github.com/kestra-io/kestra,26533,2019-08-24 13:56:15+00:00,6.55,405,Java,99855
apache/incubator-seata,https://github.com/apache/incubator-seata,25960,2018-12-28 08:37:22+00:00,7.21,45,Java,31123
OpenAPITools/openapi-generator,https://github.com/OpenAPITools/openapi-generator,25956,2018-05-12 09:57:56+00:00,7.84,78,Java,960683
apache/flink,https://github.com/apache/flink,25860,2014-06-07 07:00:10+00:00,11.76,0,Java,540149
alibaba/fastjson,https://github.com/alibaba/fastjson,25706,2011-11-03 06:58:52+00:00,14.36,84,Java,15513
hollischuang/toBeTopJavaer,https://github.com/hollischuang/toBeTopJavaer,25472,2018-10-25 09:54:54+00:00,7.38,0,Java,8004
JakeWharton/butterknife,https://github.com/JakeWharton/butterknife,25419,2013-03-05 08:18:59+00:00,13.02,0,Java,3909
bazelbuild/bazel,https://github.com/bazelbuild/bazel,25224,2014-06-12 16:00:38+00:00,11.75,246,Java,1000762
CodePhiliaX/Chat2DB,https://github.com/CodePhiliaX/Chat2DB,25222,2023-06-20 14:05:26+00:00,2.73,43,Java,18789
scwang90/SmartRefreshLayout,https://github.com/scwang90/SmartRefreshLayout,25177,2017-06-02 09:52:50+00:00,8.78,14,Java,274026
jenkinsci/jenkins,https://github.com/jenkinsci/jenkins,25094,2010-11-22 21:21:23+00:00,15.3,480,Java,170680
libgdx/libgdx,https://github.com/libgdx/libgdx,24890,2012-08-10 19:34:38+00:00,13.59,15,Java,1106677
proxyee-down-org/proxyee-down,https://github.com/proxyee-down-org/proxyee-down,24801,2017-10-25 10:07:27+00:00,8.38,49,Java,26864
greenrobot/EventBus,https://github.com/greenrobot/EventBus,24760,2012-07-16 16:55:40+00:00,13.66,7,Java,1742
apache/skywalking,https://github.com/apache/skywalking,24746,2015-11-07 03:30:36+00:00,10.35,63,Java,175206
Netflix/Hystrix,https://github.com/Netflix/Hystrix,24469,2012-11-19 20:14:46+00:00,13.31,79,Java,9828
google/gson,https://github.com/google/gson,24341,2015-03-19 18:21:20+00:00,10.98,12,Java,13887
redisson/redisson,https://github.com/redisson/redisson,24268,2014-01-11 14:06:25+00:00,12.17,178,Java,34744
iBotPeaches/Apktool,https://github.com/iBotPeaches/Apktool,24048,2012-03-19 17:46:53+00:00,13.98,28,Java,337632
dataease/dataease,https://github.com/dataease/dataease,23590,2021-02-02 04:10:21+00:00,5.11,105,Java,320290
EnterpriseQualityCoding/FizzBuzzEnterpriseEdition,https://github.com/EnterpriseQualityCoding/FizzBuzzEnterpriseEdition,23518,2012-11-24 00:14:41+00:00,13.3,0,Java,340
doocs/source-code-hunter,https://github.com/doocs/source-code-hunter,23127,2019-10-28 01:35:10+00:00,6.37,0,Java,103137
alibaba/Sentinel,https://github.com/alibaba/Sentinel,23092,2018-04-04 06:37:33+00:00,7.94,26,Java,8591
LSPosed/LSPosed,https://github.com/LSPosed/LSPosed,23044,2020-12-12 08:39:37+00:00,5.25,39,Java,21605
openjdk/jdk,https://github.com/openjdk/jdk,22698,2018-09-17 12:29:20+00:00,7.49,0,Java,1428932
ashishps1/awesome-low-level-design,https://github.com/ashishps1/awesome-low-level-design,22688,2023-11-17 10:15:12+00:00,2.32,0,Java,15707
apache/rocketmq,https://github.com/apache/rocketmq,22371,2016-11-30 08:00:08+00:00,9.28,24,Java,45561
kunal-kushwaha/DSA-Bootcamp-Java,https://github.com/kunal-kushwaha/DSA-Bootcamp-Java,22293,2021-07-30 12:23:25+00:00,4.62,0,Java,101640
elunez/eladmin,https://github.com/elunez/eladmin,21944,2018-12-14 08:54:24+00:00,7.24,1,Java,7511
google/ExoPlayer,https://github.com/google/ExoPlayer,21934,2014-06-13 21:19:18+00:00,11.75,28,Java,483311
oracle/graal,https://github.com/oracle/graal,21513,2016-01-14 17:11:35+00:00,10.16,32,Java,494415
CarGuo/GSYVideoPlayer,https://github.com/CarGuo/GSYVideoPlayer,21420,2016-11-13 12:34:31+00:00,9.33,64,Java,359688
thingsboard/thingsboard,https://github.com/thingsboard/thingsboard,21342,2016-12-01 09:33:30+00:00,9.28,77,Java,341864
brettwooldridge/HikariCP,https://github.com/brettwooldridge/HikariCP,21061,2013-10-08 05:43:03+00:00,12.43,0,Java,5042
apache/shardingsphere,https://github.com/apache/shardingsphere,20702,2016-01-18 12:49:26+00:00,10.15,59,Java,687672
didi/DoKit,https://github.com/didi/DoKit,20439,2018-08-14 10:32:07+00:00,7.58,14,Java,58616
mybatis/mybatis-3,https://github.com/mybatis/mybatis-3,20395,2013-02-14 19:03:32+00:00,13.07,46,Java,158572
linlinjava/litemall,https://github.com/linlinjava/litemall,20195,2018-03-22 16:42:30+00:00,7.98,8,Java,24604
ReactiveX/RxAndroid,https://github.com/ReactiveX/RxAndroid,20182,2014-08-19 03:46:38+00:00,11.56,20,Java,1057
yudaocode/SpringBoot-Labs,https://github.com/yudaocode/SpringBoot-Labs,20078,2018-09-12 14:51:46+00:00,7.5,0,Java,1813
JetBrains/intellij-community,https://github.com/JetBrains/intellij-community,19803,2011-09-30 13:33:05+00:00,14.45,21,Java,5641409
dianping/cat,https://github.com/dianping/cat,18975,2012-12-05 02:31:48+00:00,13.27,3,Java,114117
Baseflow/PhotoView,https://github.com/Baseflow/PhotoView,18863,2012-07-17 16:39:00+00:00,13.65,5,Java,16896
lionsoul2014/ip2region,https://github.com/lionsoul2014/ip2region,18789,2015-11-02 00:43:13+00:00,10.36,21,Java,213214
antlr/antlr4,https://github.com/antlr/antlr4,18785,2010-02-04 01:36:28+00:00,16.1,31,Java,70649
dromara/Sa-Token,https://github.com/dromara/Sa-Token,18668,2020-02-03 10:34:29+00:00,6.11,39,Java,9670
YunaiV/yudao-cloud,https://github.com/YunaiV/yudao-cloud,18639,2019-05-02 16:06:49+00:00,6.86,40,Java,48604
williamfiset/Algorithms,https://github.com/williamfiset/Algorithms,18528,2017-03-18 02:50:46+00:00,8.99,0,Java,1297813
Tencent/APIJSON,https://github.com/Tencent/APIJSON,18408,2016-11-21 12:03:29+00:00,9.31,111,Java,73543
LMAX-Exchange/disruptor,https://github.com/LMAX-Exchange/disruptor,18256,2012-09-21 13:42:24+00:00,13.47,14,Java,10129
forezp/SpringCloudLearning,https://github.com/forezp/SpringCloudLearning,17979,2017-04-08 10:06:56+00:00,8.93,0,Java,582
Tencent/tinker,https://github.com/Tencent/tinker,17812,2016-09-06 06:57:52+00:00,9.51,60,Java,7381
ben-manes/caffeine,https://github.com/ben-manes/caffeine,17535,2014-12-13 08:45:11+00:00,11.25,72,Java,110398
infinilabs/analysis-ik,https://github.com/infinilabs/analysis-ik,17427,2011-12-16 09:01:45+00:00,14.24,1,Java,15484
openzipkin/zipkin,https://github.com/openzipkin/zipkin,17413,2012-06-06 18:26:16+00:00,13.77,97,Java,77306
justauth/JustAuth,https://github.com/justauth/JustAuth,17407,2019-01-31 09:42:20+00:00,7.11,46,Java,9626
baomidou/mybatis-plus,https://github.com/baomidou/mybatis-plus,17322,2016-08-18 10:06:53+00:00,9.57,40,Java,32051
gyoogle/tech-interview-for-developer,https://github.com/gyoogle/tech-interview-for-developer,17197,2019-06-09 04:42:57+00:00,6.76,0,Java,6616
material-components/material-components-android,https://github.com/material-components/material-components-android,17187,2016-12-05 16:11:29+00:00,9.27,118,Java,182485
facebook/fresco,https://github.com/facebook/fresco,17164,2015-03-02 09:58:04+00:00,11.03,55,Java,79733
alibaba/DataX,https://github.com/alibaba/DataX,17138,2018-01-18 10:09:47+00:00,8.15,7,Java,22958
nostra13/Android-Universal-Image-Loader,https://github.com/nostra13/Android-Universal-Image-Loader,17064,2011-11-27 18:48:23+00:00,14.29,0,Java,27133
heibaiying/BigData-Notes,https://github.com/heibaiying/BigData-Notes,16885,2019-03-10 01:40:01+00:00,7.01,0,Java,24052
winterbe/java8-tutorial,https://github.com/winterbe/java8-tutorial,16775,2014-03-16 17:25:43+00:00,11.99,0,Java,149
questdb/questdb,https://github.com/questdb/questdb,16756,2014-04-28 23:29:15+00:00,11.87,103,Java,1428342
Grasscutters/Grasscutter,https://github.com/Grasscutters/Grasscutter,16755,2022-04-17 12:43:46+00:00,3.9,20,Java,101502
shuzheng/zheng,https://github.com/shuzheng/zheng,16710,2016-10-04 10:07:06+00:00,9.44,0,Java,41267
prestodb/presto,https://github.com/prestodb/presto,16668,2012-08-09 01:03:37+00:00,13.59,14,Java,270959
JeffLi1993/springboot-learning-example,https://github.com/JeffLi1993/springboot-learning-example,16607,2017-02-06 07:02:25+00:00,9.1,0,Java,407
neo4j/neo4j,https://github.com/neo4j/neo4j,16061,2012-11-12 08:46:15+00:00,13.33,72,Java,697119
ashishps1/awesome-leetcode-resources,https://github.com/ashishps1/awesome-leetcode-resources,16033,2023-10-25 01:48:19+00:00,2.38,0,Java,264
android-hacker/VirtualXposed,https://github.com/android-hacker/VirtualXposed,15973,2017-12-01 09:00:58+00:00,8.28,50,Java,49794
dyc87112/SpringBoot-Learning,https://github.com/dyc87112/SpringBoot-Learning,15801,2016-08-21 03:39:06+00:00,9.56,0,Java,34384
android10/Android-CleanArchitecture,https://github.com/android10/Android-CleanArchitecture,15565,2014-08-19 14:09:26+00:00,11.56,0,Java,5191
quarkusio/quarkus,https://github.com/quarkusio/quarkus,15524,2018-07-06 00:44:20+00:00,7.69,458,Java,472157
apache/hadoop,https://github.com/apache/hadoop,15505,2014-08-28 07:00:08+00:00,11.54,0,Java,606820
Konloch/bytecode-viewer,https://github.com/Konloch/bytecode-viewer,15442,2014-10-14 10:26:46+00:00,11.41,62,Java,648688
mockito/mockito,https://github.com/mockito/mockito,15428,2012-10-13 20:27:12+00:00,13.41,226,Java,49665
apache/pulsar,https://github.com/apache/pulsar,15164,2016-06-28 07:00:03+00:00,9.71,122,Java,256382
apache/doris,https://github.com/apache/doris,15106,2017-08-10 12:13:30+00:00,8.59,83,Java,1281974
zhisheng17/flink-learning,https://github.com/zhisheng17/flink-learning,15053,2019-01-01 07:38:28+00:00,7.2,0,Java,43760
java-decompiler/jd-gui,https://github.com/java-decompiler/jd-gui,15048,2015-03-25 05:28:41+00:00,10.97,18,Java,56989
supertokens/supertokens-core,https://github.com/supertokens/supertokens-core,14961,2020-01-05 13:30:52+00:00,6.18,109,Java,333458
zaproxy/zaproxy,https://github.com/zaproxy/zaproxy,14866,2015-06-03 16:55:01+00:00,10.78,22,Java,201570
elastic/logstash,https://github.com/elastic/logstash,14803,2010-11-18 01:31:50+00:00,15.32,235,Java,133542
theonedev/onedev,https://github.com/theonedev/onedev,14774,2018-11-06 02:57:01+00:00,7.35,468,Java,233224
cryptomator/cryptomator,https://github.com/cryptomator/cryptomator,14756,2014-02-02 00:43:47+00:00,12.11,204,Java,34785
eclipse-vertx/vert.x,https://github.com/eclipse-vertx/vert.x,14659,2011-06-17 14:54:55+00:00,14.74,0,Java,124377
arduino/Arduino,https://github.com/arduino/Arduino,14548,2010-09-17 19:10:36+00:00,15.49,37,Java,1387855
hdodenhof/CircleImageView,https://github.com/hdodenhof/CircleImageView,14542,2014-01-17 16:44:46+00:00,12.15,0,Java,1003
Tencent/QMUI_Android,https://github.com/Tencent/QMUI_Android,14526,2017-04-21 10:03:18+00:00,8.89,35,Java,21963
alibaba/ARouter,https://github.com/alibaba/ARouter,14504,2016-12-14 01:27:49+00:00,9.24,16,Java,26589
GoogleContainerTools/jib,https://github.com/GoogleContainerTools/jib,14356,2018-01-22 18:30:43+00:00,8.14,176,Java,16917
deeplearning4j/deeplearning4j,https://github.com/deeplearning4j/deeplearning4j,14210,2013-11-27 02:03:28+00:00,12.29,0,Java,777159
apache/dolphinscheduler,https://github.com/apache/dolphinscheduler,14182,2019-03-01 16:39:25+00:00,7.03,56,Java,222350
languagetool-org/languagetool,https://github.com/languagetool-org/languagetool,14164,2013-08-08 16:37:22+00:00,12.59,0,Java,6113880
DuGuQiuBai/Java,https://github.com/DuGuQiuBai/Java,14161,2015-11-25 07:30:08+00:00,10.3,0,Java,24346
kekingcn/kkFileView,https://github.com/kekingcn/kkFileView,14007,2017-12-12 11:41:08+00:00,8.25,16,Java,664615
Netflix/zuul,https://github.com/Netflix/zuul,13993,2013-03-13 18:53:57+00:00,13.0,58,Java,6574
apache/druid,https://github.com/apache/druid,13960,2012-10-23 19:08:07+00:00,13.39,71,Java,413433
janishar/mit-deep-learning-book-pdf,https://github.com/janishar/mit-deep-learning-book-pdf,13954,2017-04-07 10:46:50+00:00,8.93,3,Java,58474
orhanobut/logger,https://github.com/orhanobut/logger,13879,2015-03-20 22:30:12+00:00,10.98,16,Java,1873
sqshq/piggymetrics,https://github.com/sqshq/piggymetrics,13867,2015-03-29 17:56:31+00:00,10.96,2,Java,1512
xpipe-io/xpipe,https://github.com/xpipe-io/xpipe,13856,2023-01-27 02:25:38+00:00,3.12,145,Java,62566
pinpoint-apm/pinpoint,https://github.com/pinpoint-apm/pinpoint,13812,2014-10-20 09:27:22+00:00,11.39,62,Java,270096
lgvalle/Material-Animations,https://github.com/lgvalle/Material-Animations,13799,2015-03-08 20:54:00+00:00,11.01,0,Java,8692
seaswalker/spring-analysis,https://github.com/seaswalker/spring-analysis,13771,2016-09-09 07:46:32+00:00,9.51,0,Java,4951
JessYanCoding/AndroidAutoSize,https://github.com/JessYanCoding/AndroidAutoSize,13745,2018-08-17 09:04:19+00:00,7.57,14,Java,3131
LuckSiege/PictureSelector,https://github.com/LuckSiege/PictureSelector,13594,2017-01-04 07:47:39+00:00,9.19,116,Java,542078
tink-crypto/tink,https://github.com/tink-crypto/tink,13564,2014-06-06 16:21:09+00:00,11.77,21,Java,61010
Bigkoo/Android-PickerView,https://github.com/Bigkoo/Android-PickerView,13470,2014-12-28 01:46:38+00:00,11.21,0,Java,6389
projectlombok/lombok,https://github.com/projectlombok/lombok,13413,2009-06-08 19:46:41+00:00,16.76,0,Java,81254
macrozheng/mall-learning,https://github.com/macrozheng/mall-learning,13363,2019-04-12 13:20:31+00:00,6.92,0,Java,39420
pxb1988/dex2jar,https://github.com/pxb1988/dex2jar,13082,2015-03-16 09:13:07+00:00,10.99,8,Java,8725
youth5201314/banner,https://github.com/youth5201314/banner,13043,2016-04-22 05:50:25+00:00,9.89,0,Java,11310
metersphere/metersphere,https://github.com/metersphere/metersphere,13005,2020-02-03 02:06:12+00:00,6.11,183,Java,422021
alibaba/COLA,https://github.com/alibaba/COLA,12914,2018-02-06 13:46:27+00:00,8.1,11,Java,3828
macrozheng/mall-swarm,https://github.com/macrozheng/mall-swarm,12863,2019-11-25 06:55:31+00:00,6.3,3,Java,54601
codecentric/spring-boot-admin,https://github.com/codecentric/spring-boot-admin,12828,2014-07-25 11:39:13+00:00,11.63,147,Java,92090
plantuml/plantuml,https://github.com/plantuml/plantuml,12790,2010-11-04 15:55:50+00:00,15.35,67,Java,662446
Netflix/conductor,https://github.com/Netflix/conductor,12785,2016-12-07 22:48:42+00:00,9.26,319,Java,29469
apache/zookeeper,https://github.com/apache/zookeeper,12741,2009-03-27 15:41:56+00:00,16.96,0,Java,154859
google/guice,https://github.com/google/guice,12735,2014-05-28 23:18:53+00:00,11.79,19,Java,125316
facebook/stetho,https://github.com/facebook/stetho,12707,2015-01-22 22:34:10+00:00,11.13,13,Java,2392
Netflix/eureka,https://github.com/Netflix/eureka,12700,2012-07-26 22:23:07+00:00,13.63,151,Java,12651
trinodb/trino,https://github.com/trinodb/trino,12635,2019-01-19 06:38:14+00:00,7.15,3,Java,292360
greenrobot/greenDAO,https://github.com/greenrobot/greenDAO,12619,2011-10-22 16:15:14+00:00,14.39,8,Java,7353
zhihu/Matisse,https://github.com/zhihu/Matisse,12565,2017-04-13 01:31:05+00:00,8.91,15,Java,1991
opensearch-project/OpenSearch,https://github.com/opensearch-project/OpenSearch,12551,2021-01-29 22:10:00+00:00,5.12,65,Java,603494
microg/GmsCore,https://github.com/microg/GmsCore,12539,2014-04-23 19:28:47+00:00,11.89,45,Java,14766
debezium/debezium,https://github.com/debezium/debezium,12505,2016-01-22 20:17:05+00:00,10.14,0,Java,78224
daimajia/AndroidViewAnimations,https://github.com/daimajia/AndroidViewAnimations,12473,2014-06-23 03:53:13+00:00,11.72,9,Java,297
pagehelper-org/Mybatis-PageHelper,https://github.com/pagehelper-org/Mybatis-PageHelper,12388,2014-06-09 15:32:30+00:00,11.76,15,Java,5351
daimajia/AndroidSwipeLayout,https://github.com/daimajia/AndroidSwipeLayout,12385,2014-08-25 04:09:33+00:00,11.55,18,Java,399
LawnchairLauncher/lawnchair,https://github.com/LawnchairLauncher/lawnchair,12350,2017-03-03 13:12:58+00:00,9.03,31,Java,738563
redis/jedis,https://github.com/redis/jedis,12291,2010-06-11 13:04:43+00:00,15.75,120,Java,16882
amitshekhariitbhu/android-interview-questions,https://github.com/amitshekhariitbhu/android-interview-questions,12286,2017-07-09 18:47:24+00:00,8.68,0,Java,1460
Team-xManager/xManager,https://github.com/Team-xManager/xManager,12166,2021-02-08 11:31:10+00:00,5.09,51,Java,4973
Yalantis/uCrop,https://github.com/Yalantis/uCrop,12113,2016-01-05 13:41:06+00:00,10.18,20,Java,64991
beemdevelopment/Aegis,https://github.com/beemdevelopment/Aegis,12107,2016-08-15 19:10:31+00:00,9.57,73,Java,22815
Tencent/matrix,https://github.com/Tencent/matrix,11994,2018-12-11 07:08:02+00:00,7.25,16,Java,199709
grpc/grpc-java,https://github.com/grpc/grpc-java,11990,2014-12-08 19:00:00+00:00,11.26,188,Java,120288
PaperMC/Paper,https://github.com/PaperMC/Paper,11983,2016-01-22 05:40:19+00:00,10.14,0,Java,128487
provectus/kafka-ui,https://github.com/provectus/kafka-ui,11953,2019-11-26 15:55:55+00:00,6.29,25,Java,30382
Tencent/VasSonic,https://github.com/Tencent/VasSonic,11881,2017-08-01 08:35:13+00:00,8.61,10,Java,16215
OpenRefine/OpenRefine,https://github.com/OpenRefine/OpenRefine,11778,2012-10-15 02:22:48+00:00,13.41,76,Java,407468
frank-lam/fullstack-tutorial,https://github.com/frank-lam/fullstack-tutorial,11708,2018-04-13 01:50:10+00:00,7.92,0,Java,65725
code4craft/webmagic,https://github.com/code4craft/webmagic,11703,2013-04-23 12:57:36+00:00,12.89,33,Java,17446
datahub-project/datahub,https://github.com/datahub-project/datahub,11656,2015-11-18 05:47:40+00:00,10.32,128,Java,566717
newbee-ltd/newbee-mall,https://github.com/newbee-ltd/newbee-mall,11529,2019-09-21 03:56:04+00:00,6.48,0,Java,36245
realm/realm-java,https://github.com/realm/realm-java,11492,2012-04-20 09:18:42+00:00,13.89,0,Java,65920
careercup/CtCI-6th-Edition,https://github.com/careercup/CtCI-6th-Edition,11480,2015-07-02 06:28:46+00:00,10.7,0,Java,21487
StarRocks/starrocks,https://github.com/StarRocks/starrocks,11475,2021-09-04 02:29:35+00:00,4.52,178,Java,658458
gyf-dev/ImmersionBar,https://github.com/gyf-dev/ImmersionBar,11470,2017-04-19 05:10:09+00:00,8.9,0,Java,325009
jd-opensource/joyagent-jdgenie,https://github.com/jd-opensource/joyagent-jdgenie,11425,2025-07-16 02:59:53+00:00,0.66,1,Java,102676
jhy/jsoup,https://github.com/jhy/jsoup,11348,2009-12-19 01:29:58+00:00,16.23,21,Java,6912
ssssssss-team/spider-flow,https://github.com/ssssssss-team/spider-flow,11309,2020-03-27 11:07:15+00:00,5.96,2,Java,3382
mission-peace/interview,https://github.com/mission-peace/interview,11308,2014-07-20 21:27:31+00:00,11.65,0,Java,1200
apereo/cas,https://github.com/apereo/cas,11297,2011-09-09 01:36:42+00:00,14.51,312,Java,321880
booklore-app/booklore,https://github.com/booklore-app/booklore,11268,2024-12-13 19:54:00+00:00,1.25,128,Java,51898
permissions-dispatcher/PermissionsDispatcher,https://github.com/permissions-dispatcher/PermissionsDispatcher,11206,2015-08-15 21:41:05+00:00,10.58,40,Java,3009
daniulive/SmarterStreaming,https://github.com/daniulive/SmarterStreaming,11167,2016-03-26 14:46:02+00:00,9.96,0,Java,6823377
lingochamp/FileDownloader,https://github.com/lingochamp/FileDownloader,11128,2015-12-22 11:17:16+00:00,10.22,65,Java,40720
H07000223/FlycoTabLayout,https://github.com/H07000223/FlycoTabLayout,11114,2015-11-09 01:53:19+00:00,10.34,4,Java,2620
langchain4j/langchain4j,https://github.com/langchain4j/langchain4j,11093,2023-06-20 15:30:29+00:00,2.73,61,Java,28589
apple/pkl,https://github.com/apple/pkl,11084,2024-01-19 17:28:45+00:00,2.15,20,Java,8129
jwtk/jjwt,https://github.com/jwtk/jjwt,11053,2014-09-13 01:06:24+00:00,11.5,9,Java,3503
jfeinstein10/SlidingMenu,https://github.com/jfeinstein10/SlidingMenu,11025,2012-06-30 05:14:23+00:00,13.7,0,Java,32085
androidannotations/androidannotations,https://github.com/androidannotations/androidannotations,11015,2012-01-06 08:48:03+00:00,14.18,0,Java,22510
asLody/VirtualApp,https://github.com/asLody/VirtualApp,10938,2016-07-06 13:25:23+00:00,9.68,0,Java,35274
square/javapoet,https://github.com/square/javapoet,10864,2013-02-01 16:56:30+00:00,13.11,0,Java,1954
clojure/clojure,https://github.com/clojure/clojure,10829,2010-06-29 20:03:33+00:00,15.7,0,Java,19313
aosp-mirror/platform_frameworks_base,https://github.com/aosp-mirror/platform_frameworks_base,10820,2008-10-21 18:20:37+00:00,17.39,0,Java,8087727
TooTallNate/Java-WebSocket,https://github.com/TooTallNate/Java-WebSocket,10803,2010-01-20 23:33:04+00:00,16.14,19,Java,4245
alibaba/vlayout,https://github.com/alibaba/vlayout,10765,2017-02-27 08:11:47+00:00,9.04,34,Java,1726
zfile-dev/zfile,https://github.com/zfile-dev/zfile,10688,2019-08-19 13:57:56+00:00,6.57,67,Java,40781
android-async-http/android-async-http,https://github.com/android-async-http/android-async-http,10627,2011-02-20 03:25:07+00:00,15.06,3,Java,3063
jeasonlzy/okhttp-OkGo,https://github.com/jeasonlzy/okhttp-OkGo,10593,2016-01-15 10:35:24+00:00,10.16,14,Java,84860
resilience4j/resilience4j,https://github.com/resilience4j/resilience4j,10583,2015-06-03 09:21:01+00:00,10.78,36,Java,8856
google/auto,https://github.com/google/auto,10554,2013-05-22 21:41:56+00:00,12.81,67,Java,48719
Activiti/Activiti,https://github.com/Activiti/Activiti,10517,2012-09-13 11:34:43+00:00,13.49,1000,Java,131598
lipangit/JiaoZiVideoPlayer,https://github.com/lipangit/JiaoZiVideoPlayer,10493,2016-02-06 11:04:24+00:00,10.1,78,Java,143896
tbruyelle/RxPermissions,https://github.com/tbruyelle/RxPermissions,10448,2015-09-29 13:55:09+00:00,10.45,11,Java,587
signalapp/Signal-Server,https://github.com/signalapp/Signal-Server,10435,2013-12-09 07:10:36+00:00,12.26,0,Java,21874
awsdocs/aws-doc-sdk-examples,https://github.com/awsdocs/aws-doc-sdk-examples,10380,2016-08-18 19:06:57+00:00,9.57,0,Java,260208
SonarSource/sonarqube,https://github.com/SonarSource/sonarqube,10329,2011-01-05 11:05:17+00:00,15.18,70,Java,962199
JessYanCoding/MVPArms,https://github.com/JessYanCoding/MVPArms,10277,2016-08-06 08:49:56+00:00,9.6,25,Java,5963
iflytek/astron-agent,https://github.com/iflytek/astron-agent,10129,2025-09-19 08:46:01+00:00,0.48,11,Java,100334
JakeWharton/ViewPagerIndicator,https://github.com/JakeWharton/ViewPagerIndicator,10086,2011-08-04 17:13:44+00:00,14.61,0,Java,8657
stanfordnlp/CoreNLP,https://github.com/stanfordnlp/CoreNLP,10062,2013-06-27 21:13:49+00:00,12.71,19,Java,400414
ZCShou/GoGoGo,https://github.com/ZCShou/GoGoGo,10017,2021-12-03 06:59:39+00:00,4.27,8,Java,426465
JingMatrix/LSPosed,https://github.com/JingMatrix/LSPosed,9975,2023-07-20 18:03:30+00:00,2.65,4,Java,22550
xuchengsheng/spring-reading,https://github.com/xuchengsheng/spring-reading,9929,2023-09-15 06:42:44+00:00,2.49,0,Java,2808
happydog-intj/JsBridge,https://github.com/happydog-intj/JsBridge,9927,2015-02-26 12:10:58+00:00,11.04,0,Java,659
wasabeef/glide-transformations,https://github.com/wasabeef/glide-transformations,9917,2015-01-09 10:33:29+00:00,11.17,0,Java,26509
googlesamples/easypermissions,https://github.com/googlesamples/easypermissions,9905,2015-12-22 18:05:53+00:00,10.22,12,Java,635
paascloud/paascloud-master,https://github.com/paascloud/paascloud-master,9886,2018-03-17 05:40:43+00:00,7.99,0,Java,16083
hackware1993/MagicIndicator,https://github.com/hackware1993/MagicIndicator,9815,2016-06-26 08:20:43+00:00,9.71,12,Java,54749
OpenFeign/feign,https://github.com/OpenFeign/feign,9790,2013-06-26 23:28:16+00:00,12.71,47,Java,10769
HarlonWang/AVLoadingIndicatorView,https://github.com/HarlonWang/AVLoadingIndicatorView,9781,2015-10-24 20:18:33+00:00,10.38,1,Java,14399
lihengming/spring-boot-api-project-seed,https://github.com/lihengming/spring-boot-api-project-seed,9715,2017-06-23 10:06:30+00:00,8.72,4,Java,77
YoKeyword/Fragmentation,https://github.com/YoKeyword/Fragmentation,9708,2016-02-23 08:54:55+00:00,10.05,30,Java,29343
spinnaker/spinnaker,https://github.com/spinnaker/spinnaker,9701,2014-07-02 19:02:36+00:00,11.7,25,Java,194730
perwendel/spark,https://github.com/perwendel/spark,9664,2011-05-05 11:52:05+00:00,14.86,0,Java,2503
koral--/android-gif-drawable,https://github.com/koral--/android-gif-drawable,9660,2013-01-30 01:37:46+00:00,13.11,63,Java,6114
apache/cassandra,https://github.com/apache/cassandra,9658,2009-05-21 02:10:09+00:00,16.81,0,Java,457806
react-native-camera/react-native-camera,https://github.com/react-native-camera/react-native-camera,9652,2015-04-01 00:54:40+00:00,10.95,144,Java,17586
ksoichiro/Android-ObservableScrollView,https://github.com/ksoichiro/Android-ObservableScrollView,9627,2014-11-08 14:45:20+00:00,11.34,0,Java,13780
bilibili/DanmakuFlameMaster,https://github.com/bilibili/DanmakuFlameMaster,9609,2013-08-11 12:18:50+00:00,12.59,5,Java,3580
flyway/flyway,https://github.com/flyway/flyway,9588,2012-12-14 18:43:22+00:00,13.24,289,Java,1482610
AutoMQ/automq,https://github.com/AutoMQ/automq,9582,2023-08-17 07:50:13+00:00,2.57,81,Java,169236
MyCATApache/Mycat-Server,https://github.com/MyCATApache/Mycat-Server,9548,2014-12-04 02:46:54+00:00,11.27,7,Java,19570
seven332/EhViewer,https://github.com/seven332/EhViewer,9545,2014-05-14 12:03:52+00:00,11.83,97,Java,111228
liaohuqiu/android-Ultra-Pull-To-Refresh,https://github.com/liaohuqiu/android-Ultra-Pull-To-Refresh,9534,2014-11-13 03:13:10+00:00,11.33,8,Java,3474
crossoverJie/cim,https://github.com/crossoverJie/cim,9491,2018-05-20 15:55:56+00:00,7.81,9,Java,35265
umano/AndroidSlidingUpPanel,https://github.com/umano/AndroidSlidingUpPanel,9485,2013-05-31 18:33:53+00:00,12.78,8,Java,2861
spring-projects/spring-security,https://github.com/spring-projects/spring-security,9466,2012-01-10 21:50:57+00:00,14.17,246,Java,92792
Justson/AgentWeb,https://github.com/Justson/AgentWeb,9408,2017-05-12 07:45:56+00:00,8.84,21,Java,29032
json-path/JsonPath,https://github.com/json-path/JsonPath,9397,2011-01-24 13:19:19+00:00,15.13,12,Java,2479
pockethub/PocketHub,https://github.com/pockethub/PocketHub,9381,2011-09-08 16:52:50+00:00,14.51,1,Java,11945
huanghaibin-dev/CalendarView,https://github.com/huanghaibin-dev/CalendarView,9369,2017-03-11 07:16:09+00:00,9.0,1,Java,156817
GcsSloop/AndroidNote,https://github.com/GcsSloop/AndroidNote,9339,2016-01-04 23:51:36+00:00,10.18,0,Java,7036
android/testing-samples,https://github.com/android/testing-samples,9304,2014-10-11 03:51:27+00:00,11.42,0,Java,12105
apache/jmeter,https://github.com/apache/jmeter,9265,2010-05-26 23:38:07+00:00,15.79,10,Java,135906
apache/seatunnel,https://github.com/apache/seatunnel,9165,2017-08-05 09:14:47+00:00,8.6,52,Java,52591
cats-oss/android-gpuimage,https://github.com/cats-oss/android-gpuimage,9155,2012-10-04 08:11:58+00:00,13.44,0,Java,1368
flowable/flowable-engine,https://github.com/flowable/flowable-engine,9126,2016-10-13 07:21:43+00:00,9.41,29,Java,238784
didi/VirtualAPK,https://github.com/didi/VirtualAPK,9065,2017-06-29 07:25:05+00:00,8.7,4,Java,1010
HMCL-dev/HMCL,https://github.com/HMCL-dev/HMCL,8952,2015-06-22 08:06:03+00:00,10.72,311,Java,36030
navasmdc/MaterialDesignLibrary,https://github.com/navasmdc/MaterialDesignLibrary,8952,2014-09-30 07:37:17+00:00,11.45,3,Java,8930
KunMinX/Jetpack-MVVM-Best-Practice,https://github.com/KunMinX/Jetpack-MVVM-Best-Practice,8952,2019-10-31 05:21:01+00:00,6.37,0,Java,10737
Freelander/Android_Data,https://github.com/Freelander/Android_Data,8915,2015-04-04 01:37:44+00:00,10.94,0,Java,153
java-native-access/jna,https://github.com/java-native-access/jna,8905,2011-04-29 13:30:29+00:00,14.87,0,Java,758422
checkstyle/checkstyle,https://github.com/checkstyle/checkstyle,8889,2013-08-31 02:05:05+00:00,12.53,182,Java,232340
LSPosed/LSPatch,https://github.com/LSPosed/LSPatch,8875,2021-03-01 19:38:36+00:00,5.03,9,Java,10312
karatelabs/karate,https://github.com/karatelabs/karate,8800,2017-02-07 15:59:17+00:00,9.09,55,Java,26427
frohoff/ysoserial,https://github.com/frohoff/ysoserial,8799,2015-01-28 07:13:55+00:00,11.12,1,Java,460
nathanmarz/storm,https://github.com/nathanmarz/storm,8791,2011-09-17 07:55:13+00:00,14.49,0,Java,27015
apache/shenyu,https://github.com/apache/shenyu,8782,2018-07-11 08:17:45+00:00,7.67,14,Java,75783
laobie/StatusBarUtil,https://github.com/laobie/StatusBarUtil,8774,2016-02-15 03:06:06+00:00,10.07,0,Java,9364
PojavLauncherTeam/PojavLauncher,https://github.com/PojavLauncherTeam/PojavLauncher,8767,2020-03-11 03:22:54+00:00,6.0,126,Java,907961
Blankj/awesome-java-leetcode,https://github.com/Blankj/awesome-java-leetcode,8740,2017-04-17 15:51:41+00:00,8.9,0,Java,512
alibaba/spring-ai-alibaba,https://github.com/alibaba/spring-ai-alibaba,8718,2024-09-09 01:35:50+00:00,1.51,18,Java,231774
cabaletta/baritone,https://github.com/cabaletta/baritone,8718,2018-08-01 15:34:21+00:00,7.61,85,Java,16642
chrisbanes/Android-PullToRefresh,https://github.com/chrisbanes/Android-PullToRefresh,8667,2011-11-29 09:59:56+00:00,14.29,0,Java,4286
ybq/Android-SpinKit,https://github.com/ybq/Android-SpinKit,8657,2016-03-20 08:40:51+00:00,9.98,0,Java,10241
amitshekhariitbhu/Android-Debug-Database,https://github.com/amitshekhariitbhu/Android-Debug-Database,8639,2016-11-16 14:20:24+00:00,9.32,14,Java,1648
react-native-image-picker/react-native-image-picker,https://github.com/react-native-image-picker/react-native-image-picker,8635,2015-06-08 20:25:31+00:00,10.76,142,Java,3219
shwenzhang/AndResGuard,https://github.com/shwenzhang/AndResGuard,8634,2015-10-11 11:48:06+00:00,10.42,4,Java,8343
apache/iceberg,https://github.com/apache/iceberg,8624,2018-11-19 16:26:46+00:00,7.31,32,Java,114581
testcontainers/testcontainers-java,https://github.com/testcontainers/testcontainers-java,8606,2015-04-12 12:44:59+00:00,10.92,90,Java,14921
dropwizard/dropwizard,https://github.com/dropwizard/dropwizard,8602,2011-01-19 19:52:29+00:00,15.15,192,Java,114417
airbnb/epoxy,https://github.com/airbnb/epoxy,8574,2016-08-08 23:05:11+00:00,9.59,78,Java,34179
facebook/buck,https://github.com/facebook/buck,8563,2013-04-17 18:12:18+00:00,12.9,57,Java,2024585
junit-team/junit4,https://github.com/junit-team/junit4,8554,2009-01-13 03:41:26+00:00,17.16,13,Java,24417
google/tsunami-security-scanner,https://github.com/google/tsunami-security-scanner,8550,2020-06-03 16:20:00+00:00,5.77,1,Java,1280
chrisjenx/Calligraphy,https://github.com/chrisjenx/Calligraphy,8550,2013-12-20 02:35:45+00:00,12.23,4,Java,1523
apache/beam,https://github.com/apache/beam,8515,2016-02-02 08:00:06+00:00,10.11,56,Java,980595
aeron-io/aeron,https://github.com/aeron-io/aeron,8495,2014-02-07 17:16:58+00:00,12.09,138,Java,74535
DImuthuUpe/AndroidPdfViewer,https://github.com/DImuthuUpe/AndroidPdfViewer,8465,2016-06-02 20:21:21+00:00,9.78,0,Java,4733
wildfirechat/im-server,https://github.com/wildfirechat/im-server,8455,2019-01-23 15:21:28+00:00,7.13,114,Java,22355
hs-web/hsweb-framework,https://github.com/hs-web/hsweb-framework,8405,2016-01-18 03:51:39+00:00,10.15,32,Java,34310
roughike/BottomBar,https://github.com/roughike/BottomBar,8387,2016-03-16 01:31:05+00:00,9.99,4,Java,40819
pentaho/pentaho-kettle,https://github.com/pentaho/pentaho-kettle,8313,2013-10-08 18:27:11+00:00,12.43,1,Java,730214
bytedeco/javacv,https://github.com/bytedeco/javacv,8295,2014-04-21 13:50:26+00:00,11.89,14,Java,8174
alibaba/transmittable-thread-local,https://github.com/alibaba/transmittable-thread-local,8270,2013-10-13 08:48:33+00:00,12.41,58,Java,3576
aritraroy/UltimateAndroidReference,https://github.com/aritraroy/UltimateAndroidReference,8265,2017-04-10 07:28:27+00:00,8.92,0,Java,543
apache/shardingsphere-elasticjob,https://github.com/apache/shardingsphere-elasticjob,8225,2015-09-11 11:28:52+00:00,10.5,31,Java,45954
alibaba/atlas,https://github.com/alibaba/atlas,8166,2017-02-28 06:31:43+00:00,9.03,7,Java,84497
spring-projects/spring-ai,https://github.com/spring-projects/spring-ai,8158,2023-06-27 18:57:29+00:00,2.71,13,Java,96316
krahets/LeetCode-Book,https://github.com/krahets/LeetCode-Book,8153,2021-12-17 14:16:02+00:00,4.24,0,Java,833
alibaba/otter,https://github.com/alibaba/otter,8137,2013-08-09 09:31:22+00:00,12.59,10,Java,12042
apache/tomcat,https://github.com/apache/tomcat,8115,2011-10-01 07:00:19+00:00,14.45,0,Java,193894
florent37/MaterialViewPager,https://github.com/florent37/MaterialViewPager,8107,2015-04-24 17:53:15+00:00,10.89,11,Java,19557
guolindev/LitePal,https://github.com/guolindev/LitePal,8087,2013-02-20 03:20:07+00:00,13.06,0,Java,5433
junixapp/XPopup,https://github.com/junixapp/XPopup,8019,2018-12-07 06:16:48+00:00,7.26,221,Java,152978
davemorrissey/subsampling-scale-image-view,https://github.com/davemorrissey/subsampling-scale-image-view,8008,2013-08-26 16:45:25+00:00,12.54,21,Java,57935
Netflix/SimianArmy,https://github.com/Netflix/SimianArmy,7982,2012-07-06 22:00:05+00:00,13.68,4,Java,15326
Graylog2/graylog2-server,https://github.com/Graylog2/graylog2-server,7980,2010-05-17 21:27:02+00:00,15.82,0,Java,209220
gunnarmorling/1brc,https://github.com/gunnarmorling/1brc,7971,2023-12-28 09:13:24+00:00,2.21,0,Java,2744
JakeWharton/hugo,https://github.com/JakeWharton/hugo,7916,2013-11-25 09:16:40+00:00,12.3,0,Java,201
LaurieWired/GhidraMCP,https://github.com/LaurieWired/GhidraMCP,7903,2025-03-23 05:36:55+00:00,0.97,5,Java,180
jeecgboot/jimureport,https://github.com/jeecgboot/jimureport,7888,2019-12-05 12:25:59+00:00,6.27,33,Java,106472
dropwizard/metrics,https://github.com/dropwizard/metrics,7853,2010-02-26 19:44:42+00:00,16.04,142,Java,21394
HannahMitt/HomeMirror,https://github.com/HannahMitt/HomeMirror,7833,2015-08-23 03:20:08+00:00,10.55,0,Java,6207
exadel-inc/CompreFace,https://github.com/exadel-inc/CompreFace,7833,2020-07-06 08:29:43+00:00,5.68,11,Java,566295
lecho/hellocharts-android,https://github.com/lecho/hellocharts-android,7797,2014-10-12 09:12:37+00:00,11.42,14,Java,6126
ChrisRM/material-theme-jetbrains,https://github.com/ChrisRM/material-theme-jetbrains,7771,2015-09-23 07:15:04+00:00,10.47,17,Java,148338
Tencent/Shadow,https://github.com/Tencent/Shadow,7733,2019-06-13 10:50:27+00:00,6.75,5,Java,3650
AntennaPod/AntennaPod,https://github.com/AntennaPod/AntennaPod,7721,2012-07-31 10:25:08+00:00,13.62,65,Java,115395
goldze/MVVMHabit,https://github.com/goldze/MVVMHabit,7710,2017-07-21 10:38:40+00:00,8.64,3,Java,1298
PowerJob/PowerJob,https://github.com/PowerJob/PowerJob,7708,2020-03-16 09:19:55+00:00,5.99,51,Java,19311
trello-archive/RxLifecycle,https://github.com/trello-archive/RxLifecycle,7674,2015-07-20 13:32:23+00:00,10.65,22,Java,897
vipshop/vjtools,https://github.com/vipshop/vjtools,7658,2018-05-29 09:07:08+00:00,7.79,9,Java,2108
mapstruct/mapstruct,https://github.com/mapstruct/mapstruct,7628,2012-05-28 12:42:42+00:00,13.79,36,Java,11476
gedoor/MyBookshelf,https://github.com/gedoor/MyBookshelf,7625,2018-06-12 03:48:07+00:00,7.75,165,Java,27255
google/android-classyshark,https://github.com/google/android-classyshark,7599,2015-10-12 13:40:48+00:00,10.42,17,Java,24865
MuntashirAkon/AppManager,https://github.com/MuntashirAkon/AppManager,7580,2020-05-30 04:08:56+00:00,5.79,76,Java,80240
koush/AndroidAsync,https://github.com/koush/AndroidAsync,7555,2012-08-24 07:27:04+00:00,13.55,0,Java,3720
MinecraftForge/MinecraftForge,https://github.com/MinecraftForge/MinecraftForge,7549,2012-01-30 01:35:01+00:00,14.12,0,Java,124591
kaushikgopal/RxJava-Android-Samples,https://github.com/kaushikgopal/RxJava-Android-Samples,7529,2014-07-23 05:13:52+00:00,11.64,0,Java,1188
FongMi/TV,https://github.com/FongMi/TV,7528,2022-06-22 09:10:23+00:00,3.72,0,Java,343629
kevin-wayne/algs4,https://github.com/kevin-wayne/algs4,7527,2015-08-31 09:28:49+00:00,10.53,0,Java,2347
swagger-api/swagger-core,https://github.com/swagger-api/swagger-core,7520,2011-07-05 23:44:11+00:00,14.69,129,Java,24283
yuanguangxin/LeetCode,https://github.com/yuanguangxin/LeetCode,7491,2020-01-11 01:02:02+00:00,6.17,0,Java,408
Genymobile/gnirehtet,https://github.com/Genymobile/gnirehtet,7483,2017-02-09 16:01:13+00:00,9.09,12,Java,1036
dependency-check/DependencyCheck,https://github.com/dependency-check/DependencyCheck,7460,2012-09-03 20:43:30+00:00,13.52,91,Java,307521
enso-org/enso,https://github.com/enso-org/enso,7435,2016-12-16 17:23:37+00:00,9.24,695,Java,129298
lenve/VBlog,https://github.com/lenve/VBlog,7433,2017-12-26 11:01:55+00:00,8.21,0,Java,3841
dyc87112/SpringCloud-Learning,https://github.com/dyc87112/SpringCloud-Learning,7400,2016-08-21 03:39:52+00:00,9.56,0,Java,1265
abel533/Mapper,https://github.com/abel533/Mapper,7387,2014-11-21 11:02:10+00:00,11.31,11,Java,2209
gocd/gocd,https://github.com/gocd/gocd,7384,2013-12-13 05:26:16+00:00,12.25,87,Java,421350
Qihoo360/RePlugin,https://github.com/Qihoo360/RePlugin,7348,2017-06-08 09:39:09+00:00,8.76,19,Java,25372
leolin310148/ShortcutBadger,https://github.com/leolin310148/ShortcutBadger,7343,2013-11-15 12:51:52+00:00,12.32,0,Java,1231
square/dagger,https://github.com/square/dagger,7309,2012-08-02 23:25:32+00:00,13.61,0,Java,6861
Bearded-Hen/Android-Bootstrap,https://github.com/Bearded-Hen/Android-Bootstrap,7257,2013-11-01 15:36:17+00:00,12.36,5,Java,11507
zhongyi-tong/WeChatLuckyMoney,https://github.com/zhongyi-tong/WeChatLuckyMoney,7247,2015-09-30 16:11:20+00:00,10.45,20,Java,660
Exrick/xmall,https://github.com/Exrick/xmall,7246,2017-07-28 01:49:49+00:00,8.62,0,Java,110866
crazycodeboy/TakePhoto,https://github.com/crazycodeboy/TakePhoto,7237,2015-08-04 02:05:32+00:00,10.61,15,Java,11513
pedant/sweet-alert-dialog,https://github.com/pedant/sweet-alert-dialog,7236,2014-10-19 09:24:09+00:00,11.4,2,Java,1694
NanoHttpd/nanohttpd,https://github.com/NanoHttpd/nanohttpd,7210,2012-08-10 21:52:42+00:00,13.59,3,Java,1375
cymcsg/UltimateRecyclerView,https://github.com/cymcsg/UltimateRecyclerView,7195,2015-01-28 02:27:45+00:00,11.12,9,Java,7153
didi/KnowStreaming,https://github.com/didi/KnowStreaming,7177,2020-03-19 05:13:51+00:00,5.98,23,Java,200022
Alluxio/alluxio,https://github.com/Alluxio/alluxio,7168,2012-12-21 17:43:46+00:00,13.22,61,Java,205633
wiremock/wiremock,https://github.com/wiremock/wiremock,7162,2011-10-09 20:27:24+00:00,14.43,52,Java,51931
google/error-prone,https://github.com/google/error-prone,7141,2014-08-21 23:26:50+00:00,11.56,64,Java,166830
google/agera,https://github.com/google/agera,7140,2015-12-17 13:22:58+00:00,10.24,16,Java,968
apache/hertzbeat,https://github.com/apache/hertzbeat,7123,2022-02-04 14:48:56+00:00,4.1,7,Java,334558
rest-assured/rest-assured,https://github.com/rest-assured/rest-assured,7120,2010-10-21 08:35:43+00:00,15.39,0,Java,12090
h2pl/JavaTutorial,https://github.com/h2pl/JavaTutorial,7118,2018-05-01 15:57:21+00:00,7.87,1,Java,4933
ogaclejapan/SmartTabLayout,https://github.com/ogaclejapan/SmartTabLayout,7087,2015-02-14 11:25:51+00:00,11.07,0,Java,14671
traccar/traccar,https://github.com/traccar/traccar,7080,2012-04-16 08:33:49+00:00,13.91,69,Java,25077
JakeWharton/ActionBarSherlock,https://github.com/JakeWharton/ActionBarSherlock,7074,2011-03-07 17:28:54+00:00,15.02,32,Java,21244
naman14/Timber,https://github.com/naman14/Timber,7054,2015-06-12 16:43:55+00:00,10.75,5,Java,17485
Col-E/Recaf,https://github.com/Col-E/Recaf,7048,2017-07-27 06:01:10+00:00,8.63,170,Java,60173
CoderLeixiaoshuai/java-eight-part,https://github.com/CoderLeixiaoshuai/java-eight-part,7042,2020-10-16 16:27:04+00:00,5.4,0,Java,308
NLPchina/elasticsearch-sql,https://github.com/NLPchina/elasticsearch-sql,7027,2014-08-24 14:26:31+00:00,11.55,302,Java,8979
mrniko/netty-socketio,https://github.com/mrniko/netty-socketio,7027,2012-01-12 11:43:49+00:00,14.17,19,Java,2081
junit-team/junit-framework,https://github.com/junit-team/junit-framework,6985,2015-01-11 19:06:10+00:00,11.17,107,Java,42621
DroidPluginTeam/DroidPlugin,https://github.com/DroidPluginTeam/DroidPlugin,6977,2015-08-27 11:14:57+00:00,10.54,2,Java,1859
alibaba/jvm-sandbox,https://github.com/alibaba/jvm-sandbox,6963,2017-08-03 02:55:31+00:00,8.61,13,Java,1875
macrozheng/springcloud-learning,https://github.com/macrozheng/springcloud-learning,6910,2019-09-07 02:36:16+00:00,6.51,0,Java,261
smuyyh/BookReader,https://github.com/smuyyh/BookReader,6868,2016-08-03 05:17:27+00:00,9.61,0,Java,31940
Meituan-Dianping/walle,https://github.com/Meituan-Dianping/walle,6868,2017-01-10 03:39:25+00:00,9.17,1,Java,528
logisim-evolution/logisim-evolution,https://github.com/logisim-evolution/logisim-evolution,6865,2014-09-19 05:23:24+00:00,11.48,32,Java,118566
rabbitmq/rabbitmq-tutorials,https://github.com/rabbitmq/rabbitmq-tutorials,6863,2010-09-21 11:41:26+00:00,15.47,0,Java,5981
hongyangAndroid/okhttputils,https://github.com/hongyangAndroid/okhttputils,6857,2015-08-17 14:53:29+00:00,10.57,0,Java,17152
getActivity/AndroidProject,https://github.com/getActivity/AndroidProject,6854,2018-10-23 10:30:55+00:00,7.39,18,Java,91198
vespa-engine/vespa,https://github.com/vespa-engine/vespa,6821,2016-06-03 20:54:20+00:00,9.77,267,Java,479191
iflytek/astron-rpa,https://github.com/iflytek/astron-rpa,6800,2025-09-20 08:51:40+00:00,0.48,5,Java,180688
guardianproject/haven,https://github.com/guardianproject/haven,6798,2017-03-01 03:20:03+00:00,9.03,37,Java,24387
zo0r/react-native-push-notification,https://github.com/zo0r/react-native-push-notification,6793,2015-12-14 19:53:36+00:00,10.25,35,Java,1688
Angel-ML/angel,https://github.com/Angel-ML/angel,6785,2017-04-25 05:57:43+00:00,8.88,20,Java,93616
fuzhengwei/itstack-demo-design,https://github.com/fuzhengwei/itstack-demo-design,6782,2020-05-20 13:45:30+00:00,5.81,0,Java,1827
raphw/byte-buddy,https://github.com/raphw/byte-buddy,6776,2013-11-25 19:38:03+00:00,12.3,312,Java,1008807
527515025/springBoot,https://github.com/527515025/springBoot,6771,2016-11-07 02:13:31+00:00,9.34,0,Java,868
gzu-liyujiang/AndroidPicker,https://github.com/gzu-liyujiang/AndroidPicker,6767,2015-10-21 14:21:16+00:00,10.39,57,Java,28197
Meituan-Dianping/Leaf,https://github.com/Meituan-Dianping/Leaf,6733,2018-12-11 07:41:35+00:00,7.25,0,Java,149
markzhai/AndroidPerformanceMonitor,https://github.com/markzhai/AndroidPerformanceMonitor,6732,2016-01-17 05:23:22+00:00,10.15,0,Java,1077
zouzg/mybatis-generator-gui,https://github.com/zouzg/mybatis-generator-gui,6711,2016-05-08 22:39:39+00:00,9.84,16,Java,14934
CeuiLiSA/Pixiv-Shaft,https://github.com/CeuiLiSA/Pixiv-Shaft,6704,2019-04-01 09:59:09+00:00,6.95,119,Java,180780
quartz-scheduler/quartz,https://github.com/quartz-scheduler/quartz,6703,2016-03-07 14:05:37+00:00,10.02,8,Java,26997
getActivity/XXPermissions,https://github.com/getActivity/XXPermissions,6701,2018-06-15 14:31:29+00:00,7.74,74,Java,86442
648540858/wvp-GB28181-pro,https://github.com/648540858/wvp-GB28181-pro,6699,2020-11-14 14:16:37+00:00,5.33,2,Java,71846
hongyangAndroid/AndroidAutoLayout,https://github.com/hongyangAndroid/AndroidAutoLayout,6691,2015-11-19 02:09:11+00:00,10.31,0,Java,7466
jOOQ/jOOQ,https://github.com/jOOQ/jOOQ,6680,2011-04-17 10:43:33+00:00,14.9,117,Java,284593
apache/storm,https://github.com/apache/storm,6671,2013-11-05 08:00:14+00:00,12.35,7,Java,156810
yanzhenjie/AndPermission,https://github.com/yanzhenjie/AndPermission,6652,2016-09-11 05:17:34+00:00,9.5,0,Java,1665
Suwayomi/Suwayomi-Server,https://github.com/Suwayomi/Suwayomi-Server,6610,2020-12-23 20:31:38+00:00,5.22,58,Java,101188
apache/zeppelin,https://github.com/apache/zeppelin,6606,2015-03-25 07:00:06+00:00,10.97,0,Java,114356
JesusFreke/smali,https://github.com/JesusFreke/smali,6606,2012-09-23 19:51:16+00:00,13.47,0,Java,9535
hazelcast/hazelcast,https://github.com/hazelcast/hazelcast,6594,2012-03-21 12:25:18+00:00,13.98,201,Java,422644
GrenderG/Toasty,https://github.com/GrenderG/Toasty,6594,2017-01-18 18:52:41+00:00,9.15,19,Java,977
pig-mesh/pig,https://github.com/pig-mesh/pig,6584,2019-08-26 03:24:53+00:00,6.55,20,Java,39324
NLPchina/ansj_seg,https://github.com/NLPchina/ansj_seg,6545,2012-09-05 05:56:24+00:00,13.52,3,Java,352518
ximsfei/Android-skin-support,https://github.com/ximsfei/Android-skin-support,6518,2017-01-12 15:03:54+00:00,9.16,0,Java,54130
processing/processing,https://github.com/processing/processing,6499,2013-01-24 21:17:22+00:00,13.13,48,Java,1648017
hibernate/hibernate-orm,https://github.com/hibernate/hibernate-orm,6459,2010-10-04 16:15:52+00:00,15.44,160,Java,308615
nayuki/QR-Code-generator,https://github.com/nayuki/QR-Code-generator,6457,2016-04-15 02:19:41+00:00,9.91,5,Java,1389
ArthurHub/Android-Image-Cropper,https://github.com/ArthurHub/Android-Image-Cropper,6433,2015-01-15 10:49:37+00:00,11.16,32,Java,26047
wxiaoqi/Spring-Cloud-Platform,https://github.com/wxiaoqi/Spring-Cloud-Platform,6432,2017-05-25 10:35:26+00:00,8.8,3,Java,212466
vinc3m1/RoundedImageView,https://github.com/vinc3m1/RoundedImageView,6421,2013-02-22 01:17:37+00:00,13.05,19,Java,8746
AsyncHttpClient/async-http-client,https://github.com/AsyncHttpClient/async-http-client,6412,2011-03-07 13:41:46+00:00,15.02,11,Java,19203
jetlinks/jetlinks-community,https://github.com/jetlinks/jetlinks-community,6406,2020-01-02 07:27:34+00:00,6.19,21,Java,71171
gephi/gephi,https://github.com/gephi/gephi,6395,2011-10-22 03:14:46+00:00,14.39,19,Java,659065
Javen205/IJPay,https://github.com/Javen205/IJPay,6395,2017-05-02 03:15:32+00:00,8.86,24,Java,25427
micronaut-projects/micronaut-core,https://github.com/micronaut-projects/micronaut-core,6393,2018-03-07 12:05:08+00:00,8.02,348,Java,113077
aa112901/remusic,https://github.com/aa112901/remusic,6387,2016-03-24 06:20:39+00:00,9.97,0,Java,115952
apache/flink-cdc,https://github.com/apache/flink-cdc,6371,2020-07-27 19:23:33+00:00,5.63,23,Java,45490
joelittlejohn/jsonschema2pojo,https://github.com/joelittlejohn/jsonschema2pojo,6364,2013-06-22 22:28:53+00:00,12.72,67,Java,13705
haifengl/smile,https://github.com/haifengl/smile,6348,2014-11-20 16:28:12+00:00,11.31,41,Java,275974
sshahine/JFoenix,https://github.com/sshahine/JFoenix,6347,2015-09-08 14:04:24+00:00,10.51,0,Java,28243
wasabeef/richeditor-android,https://github.com/wasabeef/richeditor-android,6346,2015-03-30 16:19:20+00:00,10.95,0,Java,2898
DerekYRC/mini-spring,https://github.com/DerekYRC/mini-spring,6344,2020-11-17 11:59:18+00:00,5.32,1,Java,1103
freeok/so-novel,https://github.com/freeok/so-novel,6336,2022-05-23 15:49:36+00:00,3.81,53,Java,4238
amitshekhariitbhu/from-java-to-kotlin,https://github.com/amitshekhariitbhu/from-java-to-kotlin,6334,2017-05-21 11:56:27+00:00,8.81,0,Java,273
graphhopper/graphhopper,https://github.com/graphhopper/graphhopper,6321,2012-02-18 19:57:38+00:00,14.06,46,Java,140388
apache/iotdb,https://github.com/apache/iotdb,6292,2018-11-24 21:29:17+00:00,7.3,51,Java,344996
lightbend/config,https://github.com/lightbend/config,6292,2011-12-06 08:02:29+00:00,14.27,4,Java,4719
koush/ion,https://github.com/koush/ion,6266,2013-05-22 07:41:23+00:00,12.81,0,Java,11832
graphql-java/graphql-java,https://github.com/graphql-java/graphql-java,6232,2015-07-06 06:52:20+00:00,10.69,101,Java,27155
apache/incubator-kie-drools,https://github.com/apache/incubator-kie-drools,6226,2011-02-18 08:37:05+00:00,15.06,6,Java,312367
ityouknow/spring-cloud-examples,https://github.com/ityouknow/spring-cloud-examples,6220,2017-04-28 08:48:53+00:00,8.87,0,Java,76
auth0/java-jwt,https://github.com/auth0/java-jwt,6210,2014-03-07 15:06:11+00:00,12.02,46,Java,1581
google/grafika,https://github.com/google/grafika,6160,2013-12-19 18:36:53+00:00,12.23,1,Java,1092
Vedenin/useful-java-links,https://github.com/Vedenin/useful-java-links,6157,2016-02-13 13:14:52+00:00,10.08,0,Java,2324
apache/camel,https://github.com/apache/camel,6149,2009-05-21 00:25:36+00:00,16.81,0,Java,1234919
alipay/SoloPi,https://github.com/alipay/SoloPi,6143,2019-03-14 15:32:49+00:00,7.0,8,Java,272397
LandGrey/SpringBootVulExploit,https://github.com/LandGrey/SpringBootVulExploit,6123,2020-05-20 09:18:44+00:00,5.81,0,Java,135
obsidiandynamics/kafdrop,https://github.com/obsidiandynamics/kafdrop,6120,2019-05-27 08:46:56+00:00,6.8,50,Java,3039
vavr-io/vavr,https://github.com/vavr-io/vavr,6120,2014-01-30 14:07:25+00:00,12.11,22,Java,25176
apache/hudi,https://github.com/apache/hudi,6120,2016-12-14 15:53:41+00:00,9.24,33,Java,2672660
ikew0ng/SwipeBackLayout,https://github.com/ikew0ng/SwipeBackLayout,6106,2013-08-25 03:36:12+00:00,12.55,0,Java,2934
rengwuxian/MaterialEditText,https://github.com/rengwuxian/MaterialEditText,6100,2014-10-30 10:07:23+00:00,11.37,19,Java,1260
daimajia/NumberProgressBar,https://github.com/daimajia/NumberProgressBar,6095,2014-05-01 08:54:25+00:00,11.87,3,Java,158
google/google-java-format,https://github.com/google/google-java-format,6089,2015-05-11 20:38:28+00:00,10.84,43,Java,2370
javaparser/javaparser,https://github.com/javaparser/javaparser,6058,2011-10-30 14:03:44+00:00,14.37,57,Java,47543
google/j2objc,https://github.com/google/j2objc,6048,2014-01-30 20:19:56+00:00,12.11,1,Java,105068
apache/pinot,https://github.com/apache/pinot,6046,2014-05-19 23:27:48+00:00,11.81,21,Java,347264
loks666/get_jobs,https://github.com/loks666/get_jobs,6045,2024-03-07 21:34:58+00:00,2.02,3,Java,47074
ZhongFuCheng3y/austin,https://github.com/ZhongFuCheng3y/austin,6042,2021-11-06 09:36:01+00:00,4.35,0,Java,20126
singwhatiwanna/dynamic-load-apk,https://github.com/singwhatiwanna/dynamic-load-apk,6028,2014-03-30 11:51:00+00:00,11.95,0,Java,8956
pedrovgs/EffectiveAndroidUI,https://github.com/pedrovgs/EffectiveAndroidUI,6015,2014-07-04 08:42:20+00:00,11.69,0,Java,998
apache/hive,https://github.com/apache/hive,6010,2009-05-21 02:31:01+00:00,16.81,0,Java,748648
robolectric/robolectric,https://github.com/robolectric/robolectric,6001,2010-08-28 00:28:25+00:00,15.54,111,Java,65867
apache/nifi,https://github.com/apache/nifi,5998,2014-12-12 08:00:05+00:00,11.25,0,Java,303197
opengoofy/hippo4j,https://github.com/opengoofy/hippo4j,5991,2021-06-16 02:59:48+00:00,4.74,18,Java,23941
WeiYe-Jing/datax-web,https://github.com/WeiYe-Jing/datax-web,5989,2019-11-19 01:09:05+00:00,6.31,5,Java,43670
btraceio/btrace,https://github.com/btraceio/btrace,5984,2014-08-28 18:58:24+00:00,11.54,33,Java,18411
jeequan/jeepay,https://github.com/jeequan/jeepay,5982,2017-08-12 02:40:32+00:00,8.58,0,Java,6512
google/physical-web,https://github.com/google/physical-web,5981,2014-09-30 18:32:14+00:00,11.45,17,Java,33447
rey5137/material,https://github.com/rey5137/material,5970,2014-12-09 12:07:32+00:00,11.26,10,Java,3901
wyouflf/xUtils3,https://github.com/wyouflf/xUtils3,5960,2015-10-28 10:56:04+00:00,10.37,9,Java,9041
youtube/api-samples,https://github.com/youtube/api-samples,5951,2013-12-09 18:41:41+00:00,12.26,0,Java,816
springfox/springfox,https://github.com/springfox/springfox,5941,2012-05-06 06:38:57+00:00,13.85,12,Java,186279
liyifeng1994/ssm,https://github.com/liyifeng1994/ssm,5940,2016-06-18 17:58:56+00:00,9.73,0,Java,12364
00-Evan/shattered-pixel-dungeon,https://github.com/00-Evan/shattered-pixel-dungeon,5934,2014-07-31 21:56:31+00:00,11.62,53,Java,187156
prolificinteractive/material-calendarview,https://github.com/prolificinteractive/material-calendarview,5933,2015-02-09 22:31:56+00:00,11.09,22,Java,4823
journeyapps/zxing-android-embedded,https://github.com/journeyapps/zxing-android-embedded,5929,2012-11-28 16:36:39+00:00,13.29,9,Java,8388
JSQLParser/JSqlParser,https://github.com/JSQLParser/JSqlParser,5928,2011-06-23 22:51:52+00:00,14.72,37,Java,14088
antoniolg/androidmvp,https://github.com/antoniolg/androidmvp,5911,2014-04-02 05:42:20+00:00,11.95,0,Java,327
weibocom/motan,https://github.com/weibocom/motan,5907,2016-04-20 10:56:17+00:00,9.89,28,Java,4698
amitshekhariitbhu/Fast-Android-Networking,https://github.com/amitshekhariitbhu/Fast-Android-Networking,5886,2016-03-21 18:35:44+00:00,9.98,10,Java,2845
lets-blade/blade,https://github.com/lets-blade/blade,5884,2015-06-10 03:35:49+00:00,10.76,9,Java,3385
apache/fesod,https://github.com/apache/fesod,5879,2024-10-05 11:42:50+00:00,1.43,7,Java,32844
Archmage83/tvapk,https://github.com/Archmage83/tvapk,5876,2020-07-29 08:04:37+00:00,5.62,0,Java,3133234
JakeWharton/DiskLruCache,https://github.com/JakeWharton/DiskLruCache,5866,2012-01-05 00:36:34+00:00,14.18,0,Java,416
ffay/lanproxy,https://github.com/ffay/lanproxy,5857,2016-11-20 08:12:10+00:00,9.31,1,Java,9350
PBH-BTN/PeerBanHelper,https://github.com/PBH-BTN/PeerBanHelper,5821,2024-02-07 14:35:16+00:00,2.09,189,Java,124546
ikarus23/MifareClassicTool,https://github.com/ikarus23/MifareClassicTool,5817,2013-02-12 15:39:03+00:00,13.08,10,Java,7210
Nightonke/BoomMenu,https://github.com/Nightonke/BoomMenu,5797,2016-03-19 12:04:12+00:00,9.98,0,Java,103934
yarolegovich/DiscreteScrollView,https://github.com/yarolegovich/DiscreteScrollView,5789,2017-03-03 23:38:54+00:00,9.02,2,Java,33353
changmingxie/tcc-transaction,https://github.com/changmingxie/tcc-transaction,5780,2015-12-05 04:27:53+00:00,10.27,8,Java,7095
meefik/linuxdeploy,https://github.com/meefik/linuxdeploy,5780,2012-08-21 04:49:14+00:00,13.56,37,Java,53204
Nepxion/Discovery,https://github.com/Nepxion/Discovery,5776,2018-06-21 16:16:49+00:00,7.73,132,Java,247850
dmytrodanylyk/circular-progress-button,https://github.com/dmytrodanylyk/circular-progress-button,5759,2014-06-07 12:58:48+00:00,11.76,3,Java,1134
strimzi/strimzi-kafka-operator,https://github.com/strimzi/strimzi-kafka-operator,5740,2016-05-06 08:52:33+00:00,9.85,170,Java,88881
dromara/lamp-cloud,https://github.com/dromara/lamp-cloud,5735,2018-01-17 02:51:04+00:00,8.15,0,Java,52183
k0shk0sh/FastHub,https://github.com/k0shk0sh/FastHub,5734,2017-02-18 17:53:16+00:00,9.06,63,Java,19973
jagrosh/MusicBot,https://github.com/jagrosh/MusicBot,5733,2016-08-14 18:46:29+00:00,9.58,38,Java,7798
JanusGraph/janusgraph,https://github.com/JanusGraph/janusgraph,5732,2016-12-26 13:26:29+00:00,9.21,28,Java,60713
redis/lettuce,https://github.com/redis/lettuce,5731,2014-05-10 13:08:46+00:00,11.84,146,Java,42974
houbb/sensitive-word,https://github.com/houbb/sensitive-word,5722,2020-01-07 03:10:44+00:00,6.18,2,Java,5689
yanzhenjie/SwipeRecyclerView,https://github.com/yanzhenjie/SwipeRecyclerView,5719,2016-08-03 15:43:34+00:00,9.61,0,Java,29347
ZHENFENG13/spring-boot-projects,https://github.com/ZHENFENG13/spring-boot-projects,5716,2017-04-01 01:50:14+00:00,8.95,0,Java,14626
jpush/aurora-imui,https://github.com/jpush/aurora-imui,5709,2016-12-13 05:24:01+00:00,9.25,42,Java,11470
ddd-by-examples/library,https://github.com/ddd-by-examples/library,5706,2019-01-11 09:14:03+00:00,7.17,0,Java,48023
Devlight/InfiniteCycleViewPager,https://github.com/Devlight/InfiniteCycleViewPager,5704,2016-08-22 08:04:39+00:00,9.56,2,Java,279
crazycodeboy/react-native-splash-screen,https://github.com/crazycodeboy/react-native-splash-screen,5669,2016-09-14 10:43:55+00:00,9.49,12,Java,3912
springside/springside4,https://github.com/springside/springside4,5668,2012-02-23 08:39:03+00:00,14.05,3,Java,4837
ElderDrivers/EdXposed,https://github.com/ElderDrivers/EdXposed,5661,2019-01-18 16:18:19+00:00,7.15,27,Java,12036
wasabeef/Blurry,https://github.com/wasabeef/Blurry,5660,2015-07-23 14:12:08+00:00,10.64,0,Java,2286
JakeWharton/u2020,https://github.com/JakeWharton/u2020,5659,2013-11-14 11:58:23+00:00,12.33,0,Java,9385
hanks-zyh/HTextView,https://github.com/hanks-zyh/HTextView,5657,2015-12-19 16:34:59+00:00,10.23,0,Java,9880
201206030/novel,https://github.com/201206030/novel,5656,2019-11-11 01:13:52+00:00,6.34,12,Java,99486
microsoft/typespec,https://github.com/microsoft/typespec,5625,2021-06-30 23:29:49+00:00,4.7,452,Java,92466
daimajia/AndroidImageSlider,https://github.com/daimajia/AndroidImageSlider,5621,2014-06-02 06:04:17+00:00,11.78,5,Java,2165
TommyLemon/Android-ZBLibrary,https://github.com/TommyLemon/Android-ZBLibrary,5604,2015-08-20 16:03:53+00:00,10.56,25,Java,32789
osmandapp/OsmAnd,https://github.com/osmandapp/OsmAnd,5593,2011-01-15 19:59:44+00:00,15.16,1,Java,1137615
hongyangAndroid/FlowLayout,https://github.com/hongyangAndroid/FlowLayout,5586,2015-08-28 09:32:31+00:00,10.54,0,Java,910
baidu/uid-generator,https://github.com/baidu/uid-generator,5584,2017-03-27 04:03:43+00:00,8.96,0,Java,390
apache/hbase,https://github.com/apache/hbase,5581,2014-05-23 07:00:07+00:00,11.81,50,Java,512211
alibaba/jetcache,https://github.com/alibaba/jetcache,5568,2017-04-12 07:48:23+00:00,8.92,67,Java,3853
amlcurran/ShowcaseView,https://github.com/amlcurran/ShowcaseView,5563,2012-08-14 19:07:36+00:00,13.58,13,Java,15237
mik3y/usb-serial-for-android,https://github.com/mik3y/usb-serial-for-android,5554,2013-06-30 23:17:45+00:00,12.7,34,Java,929
alibaba/QLExpress,https://github.com/alibaba/QLExpress,5546,2017-03-15 08:39:54+00:00,8.99,25,Java,4732
nhaarman/ListViewAnimations,https://github.com/nhaarman/ListViewAnimations,5540,2013-03-19 11:59:23+00:00,12.98,14,Java,25513
hneemann/Digital,https://github.com/hneemann/Digital,5539,2016-06-28 17:40:16+00:00,9.71,35,Java,39655
knightliao/disconf,https://github.com/knightliao/disconf,5535,2014-05-30 09:39:27+00:00,11.79,12,Java,8619
danikula/AndroidVideoCache,https://github.com/danikula/AndroidVideoCache,5518,2015-04-01 11:25:52+00:00,10.95,20,Java,116062
wuhaoyu1990/MagicCamera,https://github.com/wuhaoyu1990/MagicCamera,5514,2016-01-08 11:36:56+00:00,10.18,0,Java,17476
CaffeineMC/sodium,https://github.com/CaffeineMC/sodium,5498,2020-02-01 03:04:09+00:00,6.11,40,Java,8541
emilsjolander/StickyListHeaders,https://github.com/emilsjolander/StickyListHeaders,5481,2012-03-11 18:29:18+00:00,14.0,16,Java,3866
ReVanced/revanced-patches,https://github.com/ReVanced/revanced-patches,5476,2023-12-14 01:25:17+00:00,2.25,838,Java,110761
Jasonchenlijian/FastBle,https://github.com/Jasonchenlijian/FastBle,5476,2016-08-23 02:06:33+00:00,9.55,9,Java,35234
scribejava/scribejava,https://github.com/scribejava/scribejava,5472,2010-09-05 19:11:40+00:00,15.52,9,Java,2627
GeyserMC/Geyser,https://github.com/GeyserMC/Geyser,5469,2019-07-08 17:23:17+00:00,6.68,0,Java,36207
motianhuo/wechat,https://github.com/motianhuo/wechat,5468,2015-05-25 02:33:37+00:00,10.8,0,Java,96503
alibaba/freeline,https://github.com/alibaba/freeline,5464,2016-08-03 17:22:52+00:00,9.61,22,Java,75385
cinit/QAuxiliary,https://github.com/cinit/QAuxiliary,5464,2022-01-29 06:12:36+00:00,4.12,49,Java,9000
sockeqwe/mosby,https://github.com/sockeqwe/mosby,5463,2015-03-25 00:59:19+00:00,10.97,15,Java,26564
KeepSafe/TapTargetView,https://github.com/KeepSafe/TapTargetView,5463,2016-09-11 09:07:36+00:00,9.5,24,Java,4429
jindrapetrik/jpexs-decompiler,https://github.com/jindrapetrik/jpexs-decompiler,5459,2014-05-10 17:20:56+00:00,11.84,180,Java,313080
liquibase/liquibase,https://github.com/liquibase/liquibase,5452,2011-07-08 20:08:20+00:00,14.68,107,Java,219355
dm77/barcodescanner,https://github.com/dm77/barcodescanner,5446,2014-02-24 21:14:09+00:00,12.05,6,Java,10971
SuperMonster003/AutoJs6,https://github.com/SuperMonster003/AutoJs6,5445,2021-12-01 05:27:22+00:00,4.28,20,Java,310152
apache/groovy,https://github.com/apache/groovy,5437,2015-04-16 07:00:05+00:00,10.91,0,Java,236015
rubenlagus/TelegramBots,https://github.com/rubenlagus/TelegramBots,5421,2016-01-14 00:13:07+00:00,10.16,112,Java,4085
spring-projects/spring-data-examples,https://github.com/spring-projects/spring-data-examples,5417,2014-01-30 15:42:43+00:00,12.11,0,Java,18027
socketio/socket.io-client-java,https://github.com/socketio/socket.io-client-java,5415,2013-04-28 17:04:05+00:00,12.87,7,Java,2402
facebookarchive/rebound,https://github.com/facebookarchive/rebound,5406,2013-10-11 01:12:37+00:00,12.42,10,Java,23623
apache/dubbo-spring-boot-project,https://github.com/apache/dubbo-spring-boot-project,5400,2018-01-18 12:10:50+00:00,8.15,13,Java,1557
coobird/thumbnailator,https://github.com/coobird/thumbnailator,5393,2015-07-25 05:38:33+00:00,10.63,0,Java,11781
tonikelope/megabasterd,https://github.com/tonikelope/megabasterd,5392,2016-09-29 16:54:54+00:00,9.45,208,Java,85027
LFDT-web3j/web3j,https://github.com/LFDT-web3j/web3j,5386,2016-09-04 05:48:49+00:00,9.52,121,Java,11780
TGX-Android/Telegram-X,https://github.com/TGX-Android/Telegram-X,5375,2021-08-17 17:09:25+00:00,4.57,6,Java,45753
killbill/killbill,https://github.com/killbill/killbill,5373,2012-10-21 20:55:05+00:00,13.39,151,Java,681427
facebookarchive/shimmer-android,https://github.com/facebookarchive/shimmer-android,5367,2015-02-27 22:25:22+00:00,11.04,5,Java,4787
Evernote/android-job,https://github.com/Evernote/android-job,5362,2015-08-20 19:36:54+00:00,10.56,31,Java,1860
diffplug/spotless,https://github.com/diffplug/spotless,5355,2015-04-27 19:10:58+00:00,10.88,49,Java,22859
pmd/pmd,https://github.com/pmd/pmd,5345,2012-07-11 18:03:00+00:00,13.67,113,Java,559157
h6ah4i/android-advancedrecyclerview,https://github.com/h6ah4i/android-advancedrecyclerview,5340,2015-01-24 16:14:39+00:00,11.13,1,Java,9111
commonsguy/cw-omnibus,https://github.com/commonsguy/cw-omnibus,5339,2012-03-12 14:12:06+00:00,14.0,36,Java,75165
jgilfelt/SystemBarTint,https://github.com/jgilfelt/SystemBarTint,5334,2013-11-17 12:35:05+00:00,12.32,3,Java,1099
google/google-authenticator,https://github.com/google/google-authenticator,5328,2014-10-08 17:54:27+00:00,11.43,0,Java,2433
remkop/picocli,https://github.com/remkop/picocli,5327,2017-02-01 16:38:41+00:00,9.11,86,Java,84872
XRecyclerView/XRecyclerView,https://github.com/XRecyclerView/XRecyclerView,5321,2015-11-18 08:14:22+00:00,10.32,0,Java,6529
dunwu/db-tutorial,https://github.com/dunwu/db-tutorial,5318,2017-08-08 06:33:38+00:00,8.59,0,Java,13001
mybatis/generator,https://github.com/mybatis/generator,5317,2013-02-10 11:14:50+00:00,13.08,11,Java,64241
runelite/runelite,https://github.com/runelite/runelite,5317,2016-04-30 20:48:02+00:00,9.87,0,Java,107615
allure-framework/allure2,https://github.com/allure-framework/allure2,5306,2016-05-27 14:06:05+00:00,9.79,83,Java,17421
Doikki/DKVideoPlayer,https://github.com/Doikki/DKVideoPlayer,5304,2017-04-11 01:33:38+00:00,8.92,32,Java,90266
zfdang/Android-Touch-Helper,https://github.com/zfdang/Android-Touch-Helper,5288,2020-10-16 00:58:41+00:00,5.4,112,Java,156770
LWJGL/lwjgl3,https://github.com/LWJGL/lwjgl3,5287,2012-12-23 15:40:04+00:00,13.22,23,Java,132106
evant/gradle-retrolambda,https://github.com/evant/gradle-retrolambda,5284,2013-08-05 02:09:58+00:00,12.6,37,Java,609
Fuzion24/JustTrustMe,https://github.com/Fuzion24/JustTrustMe,5276,2014-07-24 23:45:05+00:00,11.63,1,Java,434
yixia/VitamioBundle,https://github.com/yixia/VitamioBundle,5270,2012-10-19 08:40:49+00:00,13.4,0,Java,186316
xxv/android-lifecycle,https://github.com/xxv/android-lifecycle,5265,2014-04-18 14:26:22+00:00,11.9,0,Java,3027
CodingDocs/springboot-guide,https://github.com/CodingDocs/springboot-guide,5262,2018-11-28 01:05:07+00:00,7.29,0,Java,5318
lingochamp/okdownload,https://github.com/lingochamp/okdownload,5260,2017-12-17 08:21:22+00:00,8.24,8,Java,8129
citerus/dddsample-core,https://github.com/citerus/dddsample-core,5259,2015-01-31 23:21:37+00:00,11.11,0,Java,8533
razerdp/BasePopup,https://github.com/razerdp/BasePopup,5258,2016-01-15 03:31:07+00:00,10.16,15,Java,20629
gsantner/markor,https://github.com/gsantner/markor,5250,2017-08-26 00:08:35+00:00,8.54,80,Java,38428
Docile-Alligator/Infinity-For-Reddit,https://github.com/Docile-Alligator/Infinity-For-Reddit,5246,2018-07-26 15:02:51+00:00,7.63,195,Java,32005
thinkaurelius/titan,https://github.com/thinkaurelius/titan,5240,2012-02-25 22:53:53+00:00,14.04,0,Java,91250
Yalantis/Side-Menu.Android,https://github.com/Yalantis/Side-Menu.Android,5236,2015-01-13 11:11:27+00:00,11.16,2,Java,1048
j-easy/easy-rules,https://github.com/j-easy/easy-rules,5235,2013-03-10 14:38:26+00:00,13.01,10,Java,1776
huangyanbin/smartTable,https://github.com/huangyanbin/smartTable,5229,2017-11-08 01:11:14+00:00,8.34,44,Java,63951
novicezk/midjourney-proxy,https://github.com/novicezk/midjourney-proxy,5223,2023-04-24 13:43:45+00:00,2.89,0,Java,5870
lucasr/twoway-view,https://github.com/lucasr/twoway-view,5218,2013-01-18 20:55:23+00:00,13.15,0,Java,2554
CellularPrivacy/Android-IMSI-Catcher-Detector,https://github.com/CellularPrivacy/Android-IMSI-Catcher-Detector,5216,2013-11-23 10:04:14+00:00,12.3,48,Java,11302
bitcoinj/bitcoinj,https://github.com/bitcoinj/bitcoinj,5214,2013-11-19 04:33:23+00:00,12.31,14,Java,28445
Karumi/Dexter,https://github.com/Karumi/Dexter,5210,2015-11-17 13:14:43+00:00,10.32,33,Java,2928
reactor/reactor-core,https://github.com/reactor/reactor-core,5209,2015-11-10 10:06:40+00:00,10.34,224,Java,66101
brianfrankcooper/YCSB,https://github.com/brianfrankcooper/YCSB,5198,2010-04-19 20:52:11+00:00,15.9,55,Java,32808
hustcc/JS-Sorting-Algorithm,https://github.com/hustcc/JS-Sorting-Algorithm,5197,2017-01-19 11:36:21+00:00,9.14,0,Java,3636
oshi/oshi,https://github.com/oshi/oshi,5194,2012-02-10 12:46:48+00:00,14.09,170,Java,344933
Clans/FloatingActionButton,https://github.com/Clans/FloatingActionButton,5187,2015-03-21 12:36:16+00:00,10.98,14,Java,3389
zhanglei-workspace/shopping-management-system,https://github.com/zhanglei-workspace/shopping-management-system,5185,2015-11-16 12:53:21+00:00,10.32,0,Java,4353
android/views-widgets-samples,https://github.com/android/views-widgets-samples,5181,2019-09-06 21:39:12+00:00,6.52,0,Java,63755
killme2008/aviatorscript,https://github.com/killme2008/aviatorscript,5170,2011-03-29 12:48:47+00:00,14.96,52,Java,13202
Exrick/xpay,https://github.com/Exrick/xpay,5164,2017-12-12 16:11:19+00:00,8.25,0,Java,12147
baomidou/dynamic-datasource,https://github.com/baomidou/dynamic-datasource,5148,2018-04-28 02:32:16+00:00,7.87,19,Java,1387
careercup/ctci,https://github.com/careercup/ctci,5143,2013-03-21 23:01:01+00:00,12.97,0,Java,2169
square/otto,https://github.com/square/otto,5136,2012-06-27 19:06:49+00:00,13.71,0,Java,703
deathmarine/Luyten,https://github.com/deathmarine/Luyten,5120,2013-07-11 10:57:28+00:00,12.67,17,Java,5857
natario1/CameraView,https://github.com/natario1/CameraView,5119,2017-07-18 09:30:33+00:00,8.65,42,Java,30122
tianshiyeben/wgcloud,https://github.com/tianshiyeben/wgcloud,5110,2019-01-15 02:02:21+00:00,7.16,31,Java,51204
youlookwhat/DesignPattern,https://github.com/youlookwhat/DesignPattern,5098,2016-10-21 10:59:32+00:00,9.39,0,Java,4512
apache/calcite,https://github.com/apache/calcite,5092,2014-06-25 07:00:07+00:00,11.72,0,Java,109289
spring-projects/spring-authorization-server,https://github.com/spring-projects/spring-authorization-server,5089,2020-03-17 17:28:57+00:00,5.99,85,Java,6908
sofastack/sofa-boot,https://github.com/sofastack/sofa-boot,5082,2018-04-02 08:28:14+00:00,7.95,83,Java,4877
line/armeria,https://github.com/line/armeria,5080,2015-11-16 04:04:01+00:00,10.32,269,Java,324854
xuexiangjys/XUI,https://github.com/xuexiangjys/XUI,5077,2019-01-07 07:59:02+00:00,7.18,23,Java,279853
Kodezi/Chronos,https://github.com/Kodezi/Chronos,5077,2025-07-21 07:34:10+00:00,0.64,0,Java,19840
OpenTSDB/opentsdb,https://github.com/OpenTSDB/opentsdb,5066,2010-08-27 02:05:20+00:00,15.54,27,Java,41493
bisq-network/bisq,https://github.com/bisq-network/bisq,5063,2014-03-12 09:42:29+00:00,12.0,143,Java,937273
apache/ignite,https://github.com/apache/ignite,5056,2015-02-19 08:00:05+00:00,11.06,0,Java,473212
Sayi/poi-tl,https://github.com/Sayi/poi-tl,5046,2015-03-20 06:47:52+00:00,10.98,14,Java,102892
wequick/Small,https://github.com/wequick/Small,5045,2015-11-27 11:37:20+00:00,10.29,25,Java,7023
2227324689/gpmall,https://github.com/2227324689/gpmall,5040,2019-07-18 14:09:22+00:00,6.65,0,Java,56925
jankotek/mapdb,https://github.com/jankotek/mapdb,5039,2012-08-17 15:28:54+00:00,13.57,0,Java,10247
javastacks/spring-boot-best-practice,https://github.com/javastacks/spring-boot-best-practice,5032,2018-11-09 06:23:18+00:00,7.34,1,Java,440
Trinea/android-common,https://github.com/Trinea/android-common,5022,2012-06-19 07:49:46+00:00,13.73,1,Java,1253
yipianfengye/android-zxingLibrary,https://github.com/yipianfengye/android-zxingLibrary,5017,2016-07-26 08:00:18+00:00,9.63,0,Java,10170
youlookwhat/CloudReader,https://github.com/youlookwhat/CloudReader,5007,2016-11-20 11:59:25+00:00,9.31,26,Java,95457
rubensousa/GravitySnapHelper,https://github.com/rubensousa/GravitySnapHelper,5002,2016-08-31 07:25:23+00:00,9.53,15,Java,83096
apache/maven,https://github.com/apache/maven,4988,2009-05-21 03:22:03+00:00,16.81,30,Java,91353
DingMouRen/LayoutManagerGroup,https://github.com/DingMouRen/LayoutManagerGroup,4988,2018-04-28 11:47:38+00:00,7.87,0,Java,45688
JodaOrg/joda-time,https://github.com/JodaOrg/joda-time,4986,2011-05-16 16:49:57+00:00,14.83,51,Java,13041
spring-attic/spring-mvc-showcase,https://github.com/spring-attic/spring-mvc-showcase,4986,2011-06-03 15:36:55+00:00,14.78,0,Java,765
orhanobut/dialogplus,https://github.com/orhanobut/dialogplus,4976,2014-12-12 09:24:44+00:00,11.25,9,Java,6790
alibaba/UltraViewPager,https://github.com/alibaba/UltraViewPager,4968,2017-03-29 13:31:53+00:00,8.96,10,Java,8873
rstudio/rstudio,https://github.com/rstudio/rstudio,4965,2010-12-07 19:10:25+00:00,15.26,0,Java,1032511
spring-cloud/spring-cloud-netflix,https://github.com/spring-cloud/spring-cloud-netflix,4962,2014-07-11 15:46:12+00:00,11.67,30,Java,21151
querydsl/querydsl,https://github.com/querydsl/querydsl,4961,2011-08-05 06:46:32+00:00,14.6,35,Java,51741
roncoo/roncoo-pay,https://github.com/roncoo/roncoo-pay,4960,2016-07-21 02:46:06+00:00,9.64,0,Java,18383
frogermcs/InstaMaterial,https://github.com/frogermcs/InstaMaterial,4956,2014-11-10 18:56:49+00:00,11.34,1,Java,4531
react-native-config/react-native-config,https://github.com/react-native-config/react-native-config,4951,2016-02-23 00:19:11+00:00,10.05,33,Java,4836
react-native-webrtc/react-native-webrtc,https://github.com/react-native-webrtc/react-native-webrtc,4945,2015-09-27 10:57:30+00:00,10.46,82,Java,432090
orientechnologies/orientdb,https://github.com/orientechnologies/orientdb,4942,2012-12-09 20:33:47+00:00,13.26,231,Java,296679
Devlight/NavigationTabBar,https://github.com/Devlight/NavigationTabBar,4936,2016-03-29 08:59:27+00:00,9.95,13,Java,389
amitshekhariitbhu/RxJava2-Android-Samples,https://github.com/amitshekhariitbhu/RxJava2-Android-Samples,4929,2016-08-27 08:21:37+00:00,9.54,0,Java,477
DiUS/java-faker,https://github.com/DiUS/java-faker,4925,2011-06-06 01:01:21+00:00,14.77,0,Java,6147
traex/RippleEffect,https://github.com/traex/RippleEffect,4909,2014-10-14 13:32:51+00:00,11.41,0,Java,833
fuzhengwei/small-spring,https://github.com/fuzhengwei/small-spring,4903,2021-05-15 06:07:28+00:00,4.83,0,Java,10594
ageerle/ruoyi-ai,https://github.com/ageerle/ruoyi-ai,4899,2024-01-16 04:16:41+00:00,2.15,6,Java,66440
Ramotion/folding-cell-android,https://github.com/Ramotion/folding-cell-android,4895,2016-04-01 11:38:47+00:00,9.95,0,Java,26341
cglib/cglib,https://github.com/cglib/cglib,4895,2014-03-29 13:48:30+00:00,11.96,15,Java,4944
angryip/ipscan,https://github.com/angryip/ipscan,4874,2011-06-28 20:58:48+00:00,14.71,32,Java,117394
reactive-streams/reactive-streams-jvm,https://github.com/reactive-streams/reactive-streams-jvm,4872,2014-02-28 13:16:15+00:00,12.04,0,Java,1846
mock-server/mockserver,https://github.com/mock-server/mockserver,4860,2013-02-26 06:09:52+00:00,13.04,0,Java,51573
Threekiii/Awesome-POC,https://github.com/Threekiii/Awesome-POC,4857,2022-02-20 06:43:22+00:00,4.06,2,Java,831837
spring-cloud/spring-cloud-gateway,https://github.com/spring-cloud/spring-cloud-gateway,4836,2016-11-16 21:42:51+00:00,9.32,45,Java,15352
micrometer-metrics/micrometer,https://github.com/micrometer-metrics/micrometer,4828,2017-04-10 21:36:51+00:00,8.92,291,Java,39439
zhkl0228/unidbg,https://github.com/zhkl0228/unidbg,4826,2019-02-26 09:32:15+00:00,7.04,16,Java,612312
HeliBorg/HeliBoard,https://github.com/HeliBorg/HeliBoard,4823,2022-03-09 08:38:32+00:00,4.01,61,Java,292375
mcxiaoke/packer-ng-plugin,https://github.com/mcxiaoke/packer-ng-plugin,4817,2015-11-24 04:08:08+00:00,10.3,1,Java,1458
andkulikov/Transitions-Everywhere,https://github.com/andkulikov/Transitions-Everywhere,4798,2014-10-15 03:37:03+00:00,11.41,23,Java,1247
claritylab/lucida,https://github.com/claritylab/lucida,4793,2014-05-13 17:12:49+00:00,11.83,0,Java,1352332
deepjavalibrary/djl,https://github.com/deepjavalibrary/djl,4791,2019-10-29 22:38:54+00:00,6.37,38,Java,49694
oracle/opengrok,https://github.com/oracle/opengrok,4777,2013-01-07 11:49:18+00:00,13.18,302,Java,541178
tuguangquan/mybatis,https://github.com/tuguangquan/mybatis,4776,2014-11-03 04:51:06+00:00,11.36,0,Java,50815
ronmamo/reflections,https://github.com/ronmamo/reflections,4776,2013-04-16 16:19:26+00:00,12.91,3,Java,1064
etsy/AndroidStaggeredGrid,https://github.com/etsy/AndroidStaggeredGrid,4771,2013-12-09 19:43:45+00:00,12.26,7,Java,878
TheoKanning/openai-java,https://github.com/TheoKanning/openai-java,4762,2020-09-15 02:58:52+00:00,5.49,22,Java,547
zq2599/blog_demos,https://github.com/zq2599/blog_demos,4759,2017-04-09 04:51:56+00:00,8.93,0,Java,248050
saiwu-bigkoo/Android-ConvenientBanner,https://github.com/saiwu-bigkoo/Android-ConvenientBanner,4759,2014-12-23 06:12:33+00:00,11.22,0,Java,12540
nisrulz/android-tips-tricks,https://github.com/nisrulz/android-tips-tricks,4752,2016-08-25 20:27:33+00:00,9.55,0,Java,34266
zlt2000/microservices-platform,https://github.com/zlt2000/microservices-platform,4750,2019-03-07 07:13:37+00:00,7.02,30,Java,300854
kyleduo/SwitchButton,https://github.com/kyleduo/SwitchButton,4748,2014-09-09 07:20:43+00:00,11.51,0,Java,12162
dromara/dynamic-tp,https://github.com/dromara/dynamic-tp,4746,2022-01-07 16:35:27+00:00,4.18,19,Java,18401
tencentmusic/supersonic,https://github.com/tencentmusic/supersonic,4739,2023-06-12 07:23:28+00:00,2.75,15,Java,87269
hongyangAndroid/baseAdapter,https://github.com/hongyangAndroid/baseAdapter,4731,2015-08-03 02:55:51+00:00,10.61,0,Java,724
google/cameraview,https://github.com/google/cameraview,4716,2016-08-04 05:22:14+00:00,9.6,0,Java,256
stleary/JSON-java,https://github.com/stleary/JSON-java,4710,2010-12-21 17:46:09+00:00,15.23,25,Java,3231
saysky/ForestBlog,https://github.com/saysky/ForestBlog,4709,2017-10-08 15:27:47+00:00,8.43,0,Java,52149
grobidOrg/grobid,https://github.com/grobidOrg/grobid,4704,2012-09-13 15:48:54+00:00,13.49,22,Java,1975027
spring-attic/spring-security-oauth,https://github.com/spring-attic/spring-security-oauth,4701,2011-07-26 18:08:49+00:00,14.63,0,Java,7273
hansonwang99/Spring-Boot-In-Action,https://github.com/hansonwang99/Spring-Boot-In-Action,4701,2019-01-28 12:56:51+00:00,7.12,0,Java,15827
cjlin1/libsvm,https://github.com/cjlin1/libsvm,4695,2013-09-10 14:32:07+00:00,12.5,0,Java,9967
SPLWare/esProc,https://github.com/SPLWare/esProc,4691,2021-11-09 15:41:25+00:00,4.34,0,Java,1188650
jgilfelt/chuck,https://github.com/jgilfelt/chuck,4687,2017-02-07 23:51:39+00:00,9.09,5,Java,1899
pardom-zz/ActiveAndroid,https://github.com/pardom-zz/ActiveAndroid,4687,2012-11-15 18:10:45+00:00,13.32,0,Java,18083
bytedeco/javacpp,https://github.com/bytedeco/javacpp,4684,2014-04-21 12:47:21+00:00,11.89,14,Java,11837
charles2gan/GDA-android-reversing-Tool,https://github.com/charles2gan/GDA-android-reversing-Tool,4682,2017-10-31 08:18:29+00:00,8.36,40,Java,82285
bepass-org/oblivion,https://github.com/bepass-org/oblivion,4681,2024-02-08 05:50:09+00:00,2.09,12,Java,3308
981011512/--,https://github.com/981011512/--,4680,2020-06-18 22:47:21+00:00,5.73,0,Java,17068
Heeexy/SpringBoot-Shiro-Vue,https://github.com/Heeexy/SpringBoot-Shiro-Vue,4679,2017-11-17 18:49:06+00:00,8.32,0,Java,423
JZ-Darkal/AndroidHttpCapture,https://github.com/JZ-Darkal/AndroidHttpCapture,4650,2016-10-15 19:48:00+00:00,9.41,1,Java,5850
ant-media/Ant-Media-Server,https://github.com/ant-media/Ant-Media-Server,4647,2017-03-01 08:21:13+00:00,9.03,68,Java,1204152
wdullaer/MaterialDateTimePicker,https://github.com/wdullaer/MaterialDateTimePicker,4645,2015-01-03 19:41:03+00:00,11.19,54,Java,2001
discord-jda/JDA,https://github.com/discord-jda/JDA,4641,2015-12-12 13:57:32+00:00,10.25,120,Java,38958
rememberber/WePush,https://github.com/rememberber/WePush,4640,2017-06-23 09:03:36+00:00,8.72,58,Java,47382
zongzibinbin/MallChat,https://github.com/zongzibinbin/MallChat,4636,2023-03-16 15:04:35+00:00,2.99,0,Java,2144
karma9874/AndroRAT,https://github.com/karma9874/AndroRAT,4636,2020-03-22 09:31:28+00:00,5.97,0,Java,40789
CalebFenton/simplify,https://github.com/CalebFenton/simplify,4634,2014-01-16 05:14:02+00:00,12.15,9,Java,103553
gabrielemariotti/cardslib,https://github.com/gabrielemariotti/cardslib,4634,2013-09-20 21:57:19+00:00,12.48,27,Java,30628
chewiebug/GCViewer,https://github.com/chewiebug/GCViewer,4633,2011-10-23 09:01:04+00:00,14.39,5,Java,6764
romandanylyk/PageIndicatorView,https://github.com/romandanylyk/PageIndicatorView,4632,2016-08-20 19:25:32+00:00,9.56,14,Java,33988
yasserg/crawler4j,https://github.com/yasserg/crawler4j,4631,2011-12-31 22:49:18+00:00,14.2,3,Java,1186
RedSpider1/concurrent,https://github.com/RedSpider1/concurrent,4622,2018-11-03 13:49:36+00:00,7.36,0,Java,12619
apache/rocketmq-externals,https://github.com/apache/rocketmq-externals,4618,2017-03-14 07:00:06+00:00,9.0,0,Java,36288
h2database/h2database,https://github.com/h2database/h2database,4617,2015-04-10 19:09:09+00:00,10.92,24,Java,91588
Netflix/ribbon,https://github.com/Netflix/ribbon,4617,2013-01-15 01:08:04+00:00,13.16,41,Java,3504
linhaojun857/aurora,https://github.com/linhaojun857/aurora,4616,2022-08-19 13:39:16+00:00,3.56,0,Java,5261
objectbox/objectbox-java,https://github.com/objectbox/objectbox-java,4593,2017-01-24 10:29:48+00:00,9.13,52,Java,3566
SplashCodes/JAViewer,https://github.com/SplashCodes/JAViewer,4592,2016-05-21 08:47:10+00:00,9.81,10,Java,2335
hussien89aa/AndroidTutorialForBeginners,https://github.com/hussien89aa/AndroidTutorialForBeginners,4578,2016-09-26 16:36:28+00:00,9.46,0,Java,688
puniverse/quasar,https://github.com/puniverse/quasar,4566,2013-03-27 14:51:24+00:00,12.96,18,Java,80585
chentao0707/SimplifyReader,https://github.com/chentao0707/SimplifyReader,4559,2015-08-17 08:22:53+00:00,10.57,0,Java,62804
zhanghai/Douya,https://github.com/zhanghai/Douya,4557,2016-02-01 13:44:19+00:00,10.11,11,Java,25350
nICEnnnnnnnLee/BilibiliDown,https://github.com/nICEnnnnnnnLee/BilibiliDown,4555,2019-01-23 06:56:46+00:00,7.13,81,Java,52852
javagrowing/JGrowing,https://github.com/javagrowing/JGrowing,4552,2019-02-26 01:55:08+00:00,7.04,0,Java,2987
tiann/epic,https://github.com/tiann/epic,4543,2017-05-22 02:52:44+00:00,8.81,5,Java,558
go-lang-plugin-org/go-lang-idea-plugin,https://github.com/go-lang-plugin-org/go-lang-idea-plugin,4541,2010-08-29 08:20:01+00:00,15.54,21,Java,34753
danielzeller/Depth-LIB-Android-,https://github.com/danielzeller/Depth-LIB-Android-,4540,2016-04-27 09:37:28+00:00,9.88,0,Java,3656
square/sqlbrite,https://github.com/square/sqlbrite,4537,2015-02-19 04:38:37+00:00,11.06,9,Java,754
jdamcd/android-crop,https://github.com/jdamcd/android-crop,4537,2014-03-13 10:24:43+00:00,12.0,6,Java,2835
phishman3579/java-algorithms-implementation,https://github.com/phishman3579/java-algorithms-implementation,4535,2013-11-20 03:30:19+00:00,12.31,0,Java,1487
alibaba/dexposed,https://github.com/alibaba/dexposed,4519,2015-06-30 02:59:16+00:00,10.7,0,Java,1875
castorflex/SmoothProgressBar,https://github.com/castorflex/SmoothProgressBar,4516,2013-11-27 20:32:16+00:00,12.29,9,Java,15681
azkaban/azkaban,https://github.com/azkaban/azkaban,4515,2012-10-18 01:34:53+00:00,13.4,48,Java,57554
IoT-Technology/IoT-Technical-Guide,https://github.com/IoT-Technology/IoT-Technical-Guide,4506,2019-04-02 01:52:44+00:00,6.95,0,Java,1361
201206030/novel-plus,https://github.com/201206030/novel-plus,4506,2020-05-02 07:15:43+00:00,5.86,36,Java,46783
Flipboard/bottomsheet,https://github.com/Flipboard/bottomsheet,4506,2015-04-23 17:37:32+00:00,10.89,10,Java,363
jacoco/jacoco,https://github.com/jacoco/jacoco,4504,2012-07-08 21:45:13+00:00,13.68,50,Java,12042
HotBitmapGG/bilibili-android-client,https://github.com/HotBitmapGG/bilibili-android-client,4484,2016-06-01 04:36:01+00:00,9.78,1,Java,113179
Freeyourgadget/Gadgetbridge,https://github.com/Freeyourgadget/Gadgetbridge,4475,2015-01-05 23:19:03+00:00,11.18,0,Java,60912
water8394/flink-recommandSystem-demo,https://github.com/water8394/flink-recommandSystem-demo,4475,2019-05-15 07:55:35+00:00,6.83,0,Java,4692
JakeWharton/NineOldAndroids,https://github.com/JakeWharton/NineOldAndroids,4472,2011-12-08 19:46:37+00:00,14.26,0,Java,1207
Meituan-Dianping/Robust,https://github.com/Meituan-Dianping/Robust,4466,2017-03-14 10:14:50+00:00,9.0,13,Java,26253
flutter-webrtc/flutter-webrtc,https://github.com/flutter-webrtc/flutter-webrtc,4455,2018-03-07 02:26:03+00:00,8.02,136,Java,541090
s4kibs4mi/java-developer-roadmap,https://github.com/s4kibs4mi/java-developer-roadmap,4454,2019-04-23 06:42:13+00:00,6.89,0,Java,7278
apache/shiro,https://github.com/apache/shiro,4441,2009-08-29 08:00:17+00:00,16.54,17,Java,33143
janishar/android-mvp-architecture,https://github.com/janishar/android-mvp-architecture,4435,2017-01-27 08:39:06+00:00,9.12,0,Java,6144
dreamhead/moco,https://github.com/dreamhead/moco,4432,2012-10-18 09:09:51+00:00,13.4,1,Java,6148
square/android-times-square,https://github.com/square/android-times-square,4427,2013-01-30 20:28:27+00:00,13.11,0,Java,1541
ReChronoRain/HyperCeiler,https://github.com/ReChronoRain/HyperCeiler,4422,2023-10-27 17:17:42+00:00,2.38,9,Java,71947
Tencent/GT,https://github.com/Tencent/GT,4417,2016-01-13 10:29:55+00:00,10.16,3,Java,21307
Snailclimb/guide-rpc-framework,https://github.com/Snailclimb/guide-rpc-framework,4392,2020-05-10 13:24:42+00:00,5.84,0,Java,4408
ThirtyDegreesRay/OpenHub,https://github.com/ThirtyDegreesRay/OpenHub,4392,2017-07-11 13:29:51+00:00,8.67,31,Java,10128
robinhood/ticker,https://github.com/robinhood/ticker,4384,2016-07-15 21:37:52+00:00,9.66,9,Java,1681
crate/crate,https://github.com/crate/crate,4368,2013-04-10 09:17:16+00:00,12.92,156,Java,172919
pytorch/serve,https://github.com/pytorch/serve,4362,2019-10-03 03:17:43+00:00,6.44,24,Java,126138
awangdev/leet-code,https://github.com/awangdev/leet-code,4358,2015-04-25 19:14:09+00:00,10.88,0,Java,7524
Ashok-Varma/BottomNavigation,https://github.com/Ashok-Varma/BottomNavigation,4358,2016-03-19 19:19:30+00:00,9.98,16,Java,3928
eirslett/frontend-maven-plugin,https://github.com/eirslett/frontend-maven-plugin,4349,2013-08-30 14:44:38+00:00,12.53,0,Java,2379
mywalkb/LSPosed_mod,https://github.com/mywalkb/LSPosed_mod,4346,2022-03-28 08:05:38+00:00,3.96,10,Java,21897
Querz/mcaselector,https://github.com/Querz/mcaselector,4339,2018-04-22 22:23:26+00:00,7.89,74,Java,23821
BoCloud/folib,https://github.com/BoCloud/folib,4331,2025-07-09 06:22:58+00:00,0.68,1,Java,188623
jitsi/jitsi,https://github.com/jitsi/jitsi,4320,2013-04-24 17:37:20+00:00,12.88,7,Java,579418
jlegewie/zotfile,https://github.com/jlegewie/zotfile,4317,2011-12-30 14:47:42+00:00,14.2,33,Java,10517
dragonwell-project/dragonwell8,https://github.com/dragonwell-project/dragonwell8,4316,2019-03-07 02:57:45+00:00,7.02,46,Java,1052243
jeasonlzy/ImagePicker,https://github.com/jeasonlzy/ImagePicker,4311,2016-01-27 17:05:03+00:00,10.12,5,Java,21059
google/open-location-code,https://github.com/google/open-location-code,4308,2014-09-30 18:26:35+00:00,11.45,5,Java,4823
apache/streampark,https://github.com/apache/streampark,4306,2019-05-27 05:56:03+00:00,6.8,17,Java,48918
failsafe-lib/failsafe,https://github.com/failsafe-lib/failsafe,4304,2015-06-30 00:56:39+00:00,10.7,0,Java,1635
iterate-ch/cyberduck,https://github.com/iterate-ch/cyberduck,4304,2017-01-20 14:16:34+00:00,9.14,0,Java,649871
bingoogolapple/BGARefreshLayout-Android,https://github.com/bingoogolapple/BGARefreshLayout-Android,4302,2015-05-28 16:17:00+00:00,10.79,4,Java,7569
geoserver/geoserver,https://github.com/geoserver/geoserver,4294,2011-11-10 19:56:06+00:00,14.34,69,Java,365975
AsamK/signal-cli,https://github.com/AsamK/signal-cli,4287,2015-05-11 10:49:42+00:00,10.84,110,Java,6603
brianway/java-learning,https://github.com/brianway/java-learning,4286,2016-02-09 05:20:58+00:00,10.09,0,Java,800
bjmashibing/InternetArchitect,https://github.com/bjmashibing/InternetArchitect,4286,2019-10-19 16:32:01+00:00,6.4,0,Java,298764
torakiki/pdfsam,https://github.com/torakiki/pdfsam,4277,2013-09-24 11:06:13+00:00,12.47,70,Java,26509
alibaba/fastjson2,https://github.com/alibaba/fastjson2,4276,2022-04-17 04:27:24+00:00,3.9,61,Java,133907
apache/fory,https://github.com/apache/fory,4276,2023-04-28 03:57:00+00:00,2.87,64,Java,28820
mcxiaoke/android-volley,https://github.com/mcxiaoke/android-volley,4274,2013-05-21 05:35:26+00:00,12.81,0,Java,952
JabRef/jabref,https://github.com/JabRef/jabref,4271,2014-03-11 14:48:42+00:00,12.01,48,Java,261746
camunda/camunda-bpm-platform,https://github.com/camunda/camunda-bpm-platform,4268,2013-01-03 10:10:31+00:00,13.19,0,Java,190321
ongakuer/CircleIndicator,https://github.com/ongakuer/CircleIndicator,4268,2014-07-30 14:02:56+00:00,11.62,7,Java,4407
grantland/android-autofittextview,https://github.com/grantland/android-autofittextview,4263,2011-02-14 06:00:52+00:00,15.07,1,Java,1190
aporter/coursera-android,https://github.com/aporter/coursera-android,4258,2014-01-05 09:55:31+00:00,12.18,0,Java,22558
microsoft/malmo,https://github.com/microsoft/malmo,4254,2016-05-17 14:58:40+00:00,9.82,21,Java,28834
dromara/hmily,https://github.com/dromara/hmily,4250,2017-09-28 06:29:01+00:00,8.45,0,Java,3787
mybatis/spring-boot-starter,https://github.com/mybatis/spring-boot-starter,4247,2015-09-25 13:05:15+00:00,10.46,34,Java,16491
nining377/dolby_beta,https://github.com/nining377/dolby_beta,4244,2020-05-19 12:13:36+00:00,5.82,37,Java,101223
zendesk/maxwell,https://github.com/zendesk/maxwell,4234,2015-02-09 22:06:13+00:00,11.09,214,Java,29485
M66B/FairEmail,https://github.com/M66B/FairEmail,4233,2018-08-02 13:30:25+00:00,7.61,1000,Java,1115023
jboss-javassist/javassist,https://github.com/jboss-javassist/javassist,4230,2013-05-24 08:31:32+00:00,12.8,24,Java,30583
ChadCSong/ShineButton,https://github.com/ChadCSong/ShineButton,4208,2016-07-05 06:32:26+00:00,9.69,2,Java,2526
LibrePDF/OpenPDF,https://github.com/LibrePDF/OpenPDF,4205,2016-07-11 15:50:34+00:00,9.67,87,Java,43767
yhaolpz/FloatWindow,https://github.com/yhaolpz/FloatWindow,4199,2017-11-14 14:33:55+00:00,8.33,9,Java,1002
aws/aws-sdk-java,https://github.com/aws/aws-sdk-java,4198,2010-03-22 23:34:58+00:00,15.97,0,Java,6879514
JetBrains/fernflower,https://github.com/JetBrains/fernflower,4194,2014-10-03 05:00:15+00:00,11.44,0,Java,7886
powermock/powermock,https://github.com/powermock/powermock,4186,2014-05-28 07:53:53+00:00,11.79,16,Java,5949
Jacksgong/JKeyboardPanelSwitch,https://github.com/Jacksgong/JKeyboardPanelSwitch,4185,2015-07-01 17:42:01+00:00,10.7,14,Java,24090
codingapi/tx-lcn,https://github.com/codingapi/tx-lcn,4185,2017-11-11 03:34:34+00:00,8.33,14,Java,14551
hugeterry/CoordinatorTabLayout,https://github.com/hugeterry/CoordinatorTabLayout,4182,2017-01-27 13:40:28+00:00,9.12,0,Java,11528
oddfar/campus-imaotai,https://github.com/oddfar/campus-imaotai,4181,2023-07-07 10:37:13+00:00,2.68,11,Java,3073
bingoogolapple/BGABanner-Android,https://github.com/bingoogolapple/BGABanner-Android,4168,2014-10-25 17:15:18+00:00,11.38,0,Java,40655
jMonkeyEngine/jmonkeyengine,https://github.com/jMonkeyEngine/jmonkeyengine,4165,2014-03-20 22:29:28+00:00,11.98,80,Java,991617
syncthing/syncthing-android,https://github.com/syncthing/syncthing-android,4163,2014-02-22 17:15:19+00:00,12.05,332,Java,23375
pedrovgs/AndroidWiFiADB,https://github.com/pedrovgs/AndroidWiFiADB,4160,2015-10-18 21:58:45+00:00,10.4,8,Java,3109
googlesamples/mlkit,https://github.com/googlesamples/mlkit,4146,2020-05-28 21:40:38+00:00,5.79,1,Java,47757
jishenghua/jshERP,https://github.com/jishenghua/jshERP,4144,2016-09-20 04:51:39+00:00,9.48,6,Java,64330
lilishop/lilishop,https://github.com/lilishop/lilishop,4129,2021-05-14 01:28:51+00:00,4.83,3,Java,49462
pqpo/SmartCropper,https://github.com/pqpo/SmartCropper,4125,2017-08-03 11:08:41+00:00,8.61,13,Java,248522
lukas-krecan/ShedLock,https://github.com/lukas-krecan/ShedLock,4117,2016-12-11 13:53:59+00:00,9.25,0,Java,10434
JFormDesigner/FlatLaf,https://github.com/JFormDesigner/FlatLaf,4113,2019-08-19 10:27:05+00:00,6.57,90,Java,20771
bitcoin-wallet/bitcoin-wallet,https://github.com/bitcoin-wallet/bitcoin-wallet,4110,2012-03-31 17:06:47+00:00,13.95,0,Java,42022
DTStack/chunjun,https://github.com/DTStack/chunjun,4110,2018-04-03 12:44:58+00:00,7.94,31,Java,132849
dinuscxj/LoadingDrawable,https://github.com/dinuscxj/LoadingDrawable,4109,2016-04-16 07:33:57+00:00,9.91,0,Java,13846
gh0stkey/HaE,https://github.com/gh0stkey/HaE,4106,2020-03-24 10:12:50+00:00,5.97,86,Java,12437
alibaba/Tangram-Android,https://github.com/alibaba/Tangram-Android,4104,2017-03-29 13:29:57+00:00,8.96,38,Java,1604
code4craft/tiny-spring,https://github.com/code4craft/tiny-spring,4089,2014-01-10 16:37:57+00:00,12.17,0,Java,638
qunarcorp/bistoury,https://github.com/qunarcorp/bistoury,4088,2019-08-01 07:54:25+00:00,6.61,8,Java,32465
oblac/jodd,https://github.com/oblac/jodd,4079,2012-09-07 20:26:48+00:00,13.51,37,Java,42823
Manabu-GT/ExpandableTextView,https://github.com/Manabu-GT/ExpandableTextView,4076,2014-05-17 19:40:15+00:00,11.82,4,Java,4291
orhanobut/hawk,https://github.com/orhanobut/hawk,4072,2015-02-19 22:25:23+00:00,11.06,22,Java,967
rubensousa/ViewPagerCards,https://github.com/rubensousa/ViewPagerCards,4070,2016-08-20 15:24:12+00:00,9.56,0,Java,107
jetty/jetty.project,https://github.com/jetty/jetty.project,4063,2011-07-14 01:11:57+00:00,14.66,144,Java,278566
RipMeApp/ripme,https://github.com/RipMeApp/ripme,4055,2017-01-06 17:12:09+00:00,9.18,145,Java,5169
knowm/XChange,https://github.com/knowm/XChange,4049,2012-02-02 10:48:28+00:00,14.11,0,Java,53463
luckybilly/CC,https://github.com/luckybilly/CC,4047,2017-11-23 16:26:33+00:00,8.3,0,Java,32435
camunda/camunda,https://github.com/camunda/camunda,4044,2016-03-20 03:38:04+00:00,9.98,560,Java,854535
tronprotocol/java-tron,https://github.com/tronprotocol/java-tron,4039,2017-12-26 10:20:38+00:00,8.21,82,Java,213132
oldmanpushcart/greys-anatomy,https://github.com/oldmanpushcart/greys-anatomy,4021,2012-11-21 19:39:35+00:00,13.31,0,Java,1769
xcltapestry/XCL-Charts,https://github.com/xcltapestry/XCL-Charts,4021,2014-06-09 15:44:50+00:00,11.76,0,Java,127035
uber/NullAway,https://github.com/uber/NullAway,4020,2017-09-01 17:35:57+00:00,8.53,38,Java,8370
BoltsFramework/Bolts-Android,https://github.com/BoltsFramework/Bolts-Android,4019,2014-01-30 04:58:14+00:00,12.11,11,Java,476
jbloch/effective-java-3e-source-code,https://github.com/jbloch/effective-java-3e-source-code,4017,2018-08-03 20:48:35+00:00,7.61,0,Java,89
Creators-of-Create/Create,https://github.com/Creators-of-Create/Create,4012,2019-07-18 08:27:10+00:00,6.65,5,Java,95749
makovkastar/FloatingActionButton,https://github.com/makovkastar/FloatingActionButton,4000,2014-07-22 13:29:55+00:00,11.64,0,Java,11228
awaitility/awaitility,https://github.com/awaitility/awaitility,3996,2010-01-22 15:12:52+00:00,16.14,0,Java,1377
freeplane/freeplane,https://github.com/freeplane/freeplane,3994,2012-09-13 08:55:51+00:00,13.49,55,Java,232741
NotFound9/interviewGuide,https://github.com/NotFound9/interviewGuide,3993,2016-04-20 07:17:09+00:00,9.89,0,Java,62214
Yalantis/Phoenix,https://github.com/Yalantis/Phoenix,3991,2015-01-12 14:11:20+00:00,11.16,1,Java,663
lcodecorex/TwinklingRefreshLayout,https://github.com/lcodecorex/TwinklingRefreshLayout,3991,2016-03-02 12:11:56+00:00,10.03,0,Java,82617
Piasy/BigImageViewer,https://github.com/Piasy/BigImageViewer,3990,2016-11-06 09:55:02+00:00,9.35,0,Java,55900
JeremyLiao/LiveEventBus,https://github.com/JeremyLiao/LiveEventBus,3985,2018-07-11 07:36:59+00:00,7.67,0,Java,2678
fishercoder1534/Leetcode,https://github.com/fishercoder1534/Leetcode,3979,2016-07-31 05:28:15+00:00,9.62,0,Java,11968
mercyblitz/tech-weekly,https://github.com/mercyblitz/tech-weekly,3975,2018-12-03 03:10:52+00:00,7.27,0,Java,19564
qstumn/BadgeView,https://github.com/qstumn/BadgeView,3972,2017-02-08 02:01:39+00:00,9.09,5,Java,9326
pingfangushi/screw,https://github.com/pingfangushi/screw,3971,2020-06-21 11:37:06+00:00,5.72,0,Java,2092
rovo89/XposedInstaller,https://github.com/rovo89/XposedInstaller,3970,2012-04-02 20:33:05+00:00,13.94,0,Java,18977
zzhoujay/RichText,https://github.com/zzhoujay/RichText,3963,2015-07-21 09:36:01+00:00,10.64,0,Java,2485
shuzijun/leetcode-editor,https://github.com/shuzijun/leetcode-editor,3959,2019-03-19 16:32:17+00:00,6.98,59,Java,30759
Dimezis/BlurView,https://github.com/Dimezis/BlurView,3955,2016-04-21 16:00:07+00:00,9.89,32,Java,13486
binIoter/GuideView,https://github.com/binIoter/GuideView,3953,2016-06-19 08:52:25+00:00,9.73,0,Java,7068
google/bundletool,https://github.com/google/bundletool,3952,2018-05-04 07:24:09+00:00,7.86,65,Java,11028
kubernetes-client/java,https://github.com/kubernetes-client/java,3952,2017-05-08 21:52:58+00:00,8.85,57,Java,67028
linyiqun/DataMiningAlgorithm,https://github.com/linyiqun/DataMiningAlgorithm,3951,2015-01-11 02:50:28+00:00,11.17,0,Java,535
promeG/TinyPinyin,https://github.com/promeG/TinyPinyin,3938,2015-09-30 03:24:50+00:00,10.45,2,Java,619
JoanZapata/android-iconify,https://github.com/JoanZapata/android-iconify,3934,2013-06-12 11:42:01+00:00,12.75,0,Java,3689
sofastack/sofa-rpc,https://github.com/sofastack/sofa-rpc,3927,2018-04-09 03:32:04+00:00,7.93,66,Java,3931
rengwuxian/RxJavaSamples,https://github.com/rengwuxian/RxJavaSamples,3924,2016-03-24 13:08:10+00:00,9.97,3,Java,4613
VaughnVernon/IDDD_Samples,https://github.com/VaughnVernon/IDDD_Samples,3917,2013-04-08 22:12:57+00:00,12.93,0,Java,546
mouredev/hello-java,https://github.com/mouredev/hello-java,3912,2025-03-25 11:15:12+00:00,0.97,0,Java,808
amirzaidi/Launcher3,https://github.com/amirzaidi/Launcher3,3906,2017-05-30 12:53:32+00:00,8.79,22,Java,129066
databricks/learning-spark,https://github.com/databricks/learning-spark,3903,2014-06-16 04:47:54+00:00,11.74,0,Java,372
bluelinelabs/Conductor,https://github.com/bluelinelabs/Conductor,3902,2016-03-16 18:42:41+00:00,9.99,36,Java,3764
Exrick/xboot,https://github.com/Exrick/xboot,3896,2018-04-23 14:44:18+00:00,7.89,6,Java,5309
JavaNoober/BackgroundLibrary,https://github.com/JavaNoober/BackgroundLibrary,3894,2018-09-09 08:52:45+00:00,7.51,13,Java,14430
shopizer-ecommerce/shopizer,https://github.com/shopizer-ecommerce/shopizer,3888,2012-11-21 03:42:39+00:00,13.31,18,Java,566507
alibaba/jstorm,https://github.com/alibaba/jstorm,3887,2013-09-03 03:53:16+00:00,12.52,22,Java,108125
vipulasri/Timeline-View,https://github.com/vipulasri/Timeline-View,3885,2015-12-15 14:55:04+00:00,10.24,15,Java,23276
wendux/DSBridge-Android,https://github.com/wendux/DSBridge-Android,3877,2017-01-02 11:58:53+00:00,9.19,2,Java,902
react-native-share/react-native-share,https://github.com/react-native-share/react-native-share,3874,2015-09-30 02:27:34+00:00,10.45,145,Java,14402
ZHENFENG13/My-Blog,https://github.com/ZHENFENG13/My-Blog,3871,2019-03-04 09:17:00+00:00,7.03,0,Java,30373
timehop/sticky-headers-recyclerview,https://github.com/timehop/sticky-headers-recyclerview,3857,2014-10-03 01:57:46+00:00,11.44,0,Java,337
RikkaApps/Sui,https://github.com/RikkaApps/Sui,3853,2021-01-03 08:26:16+00:00,5.19,21,Java,779
watabou/pixel-dungeon,https://github.com/watabou/pixel-dungeon,3852,2014-07-26 17:34:32+00:00,11.63,0,Java,8161
yanzhenjie/AndServer,https://github.com/yanzhenjie/AndServer,3850,2016-06-14 00:52:52+00:00,9.74,1,Java,6648
yacy/yacy_search_server,https://github.com/yacy/yacy_search_server,3842,2015-03-22 12:54:20+00:00,10.98,0,Java,823025
MovingBlocks/Terasology,https://github.com/MovingBlocks/Terasology,3839,2011-03-04 03:49:19+00:00,15.03,70,Java,306080
spotbugs/spotbugs,https://github.com/spotbugs/spotbugs,3835,2016-11-04 22:18:08+00:00,9.35,73,Java,147573
RoaringBitmap/RoaringBitmap,https://github.com/RoaringBitmap/RoaringBitmap,3834,2013-06-17 20:29:23+00:00,12.74,45,Java,90898
MiguelCatalan/MaterialSearchView,https://github.com/MiguelCatalan/MaterialSearchView,3826,2015-09-14 17:13:46+00:00,10.49,6,Java,4665
aurelhubert/ahbottomnavigation,https://github.com/aurelhubert/ahbottomnavigation,3826,2016-03-17 12:17:56+00:00,9.99,14,Java,5644
uncle-novel/uncle-novel,https://github.com/uncle-novel/uncle-novel,3818,2018-12-11 12:15:30+00:00,7.25,1,Java,90992
happydog-intj/CircleProgress,https://github.com/happydog-intj/CircleProgress,3814,2014-10-30 16:14:42+00:00,11.37,0,Java,2538
JCTools/JCTools,https://github.com/JCTools/JCTools,3806,2013-11-10 18:04:40+00:00,12.34,19,Java,7949
emanuele-f/PCAPdroid,https://github.com/emanuele-f/PCAPdroid,3805,2020-01-06 18:11:27+00:00,6.18,68,Java,16828
sofastack/sofa-jraft,https://github.com/sofastack/sofa-jraft,3799,2019-03-04 10:13:43+00:00,7.03,32,Java,3267
blossom-editor/blossom,https://github.com/blossom-editor/blossom,3793,2023-08-07 03:02:17+00:00,2.6,19,Java,63301
sunfusheng/MarqueeView,https://github.com/sunfusheng/MarqueeView,3792,2016-06-01 06:50:46+00:00,9.78,0,Java,12351
mcxtzhang/SwipeDelMenuLayout,https://github.com/mcxtzhang/SwipeDelMenuLayout,3787,2016-08-25 08:10:45+00:00,9.55,2,Java,5660
yanzhenjie/NoHttp,https://github.com/yanzhenjie/NoHttp,3783,2015-07-29 06:11:12+00:00,10.62,0,Java,54486
tchiotludo/akhq,https://github.com/tchiotludo/akhq,3778,2018-09-09 19:35:39+00:00,7.51,42,Java,43376
mpusher/mpush,https://github.com/mpusher/mpush,3777,2016-04-28 01:43:19+00:00,9.87,9,Java,2595
rbmonster/learning-note,https://github.com/rbmonster/learning-note,3777,2020-06-15 16:47:25+00:00,5.74,0,Java,67625
zhpanvip/BannerViewPager,https://github.com/zhpanvip/BannerViewPager,3777,2017-03-28 09:11:11+00:00,8.96,59,Java,134129
apache/kylin,https://github.com/apache/kylin,3769,2015-01-03 08:00:05+00:00,11.19,2,Java,573833
lygttpod/SuperTextView,https://github.com/lygttpod/SuperTextView,3763,2016-10-19 04:06:54+00:00,9.4,39,Java,25933
CameraKit/blurkit-android,https://github.com/CameraKit/blurkit-android,3763,2016-11-06 03:14:58+00:00,9.35,3,Java,6270
Ereza/CustomActivityOnCrash,https://github.com/Ereza/CustomActivityOnCrash,3763,2014-07-04 19:46:21+00:00,11.69,12,Java,622
helidon-io/helidon,https://github.com/helidon-io/helidon,3751,2018-08-27 11:03:52+00:00,7.54,139,Java,130910
undertow-io/undertow,https://github.com/undertow-io/undertow,3748,2012-07-19 00:52:44+00:00,13.65,18,Java,29042
Atmosphere/atmosphere,https://github.com/Atmosphere/atmosphere,3745,2010-06-30 14:26:23+00:00,15.7,13,Java,170242
roboguice/roboguice,https://github.com/roboguice/roboguice,3744,2012-08-12 20:37:19+00:00,13.58,0,Java,70278
jtablesaw/tablesaw,https://github.com/jtablesaw/tablesaw,3744,2016-01-01 14:58:28+00:00,10.2,84,Java,66317
Netflix/maestro,https://github.com/Netflix/maestro,3735,2024-04-17 01:15:56+00:00,1.9,0,Java,2661
andOTP/andOTP,https://github.com/andOTP/andOTP,3731,2017-07-05 11:39:52+00:00,8.69,38,Java,13870
coderbruis/JavaSourceCodeLearning,https://github.com/coderbruis/JavaSourceCodeLearning,3730,2020-06-02 13:34:20+00:00,5.78,0,Java,8297
lihangleo2/ShadowLayout,https://github.com/lihangleo2/ShadowLayout,3728,2019-07-09 07:17:06+00:00,6.68,32,Java,4202
ethanhua/Skeleton,https://github.com/ethanhua/Skeleton,3725,2017-07-30 06:42:39+00:00,8.62,0,Java,17001
stfalcon-studio/ChatKit,https://github.com/stfalcon-studio/ChatKit,3721,2017-02-02 09:37:15+00:00,9.11,1,Java,6136
portfolio-performance/portfolio,https://github.com/portfolio-performance/portfolio,3716,2012-03-24 09:43:08+00:00,13.97,262,Java,64602
willowtreeapps/spruce-android,https://github.com/willowtreeapps/spruce-android,3713,2017-02-23 20:34:18+00:00,9.05,3,Java,8169
liuyubobobo/Play-with-Algorithms,https://github.com/liuyubobobo/Play-with-Algorithms,3712,2016-07-05 18:16:22+00:00,9.69,0,Java,112003
grpc-ecosystem/grpc-spring,https://github.com/grpc-ecosystem/grpc-spring,3707,2016-12-30 09:06:15+00:00,9.2,34,Java,3937
HelloWorld521/Java,https://github.com/HelloWorld521/Java,3706,2016-12-08 14:01:46+00:00,9.26,0,Java,28772
DataLinkDC/dinky,https://github.com/DataLinkDC/dinky,3706,2021-06-09 07:11:26+00:00,4.76,32,Java,39717
ByteLegend/ByteLegend,https://github.com/ByteLegend/ByteLegend,3703,2021-02-01 10:11:30+00:00,5.11,0,Java,71743
ryanhoo/StylishMusicPlayer,https://github.com/ryanhoo/StylishMusicPlayer,3702,2016-09-13 14:38:32+00:00,9.49,0,Java,2929
OpenHFT/Chronicle-Queue,https://github.com/OpenHFT/Chronicle-Queue,3699,2013-06-02 15:11:33+00:00,12.78,540,Java,32737
FCL-Team/FoldCraftLauncher,https://github.com/FCL-Team/FoldCraftLauncher,3696,2022-10-19 10:12:18+00:00,3.4,143,Java,1148041
dingjikerbo/Android-BluetoothKit,https://github.com/dingjikerbo/Android-BluetoothKit,3694,2015-10-08 09:07:33+00:00,10.43,0,Java,3989
FasterXML/jackson-databind,https://github.com/FasterXML/jackson-databind,3689,2011-12-23 07:17:41+00:00,14.22,0,Java,86273
apache/incubator-heron,https://github.com/apache/incubator-heron,3688,2015-09-25 16:09:24+00:00,10.46,56,Java,183934
dromara/liteflow,https://github.com/dromara/liteflow,3686,2020-03-25 16:49:22+00:00,5.97,0,Java,10516
IrisShaders/Iris,https://github.com/IrisShaders/Iris,3684,2020-10-22 20:21:12+00:00,5.39,140,Java,58866
microservices-patterns/ftgo-application,https://github.com/microservices-patterns/ftgo-application,3684,2017-10-23 04:30:04+00:00,8.39,0,Java,1448
1024-lab/smart-admin,https://github.com/1024-lab/smart-admin,3681,2019-11-16 02:30:31+00:00,6.32,24,Java,36373
springdoc/springdoc-openapi,https://github.com/springdoc/springdoc-openapi,3678,2019-07-11 23:08:20+00:00,6.67,103,Java,12954
networknt/light-4j,https://github.com/networknt/light-4j,3678,2016-09-09 22:28:14+00:00,9.5,195,Java,13834
linkedin/databus,https://github.com/linkedin/databus,3677,2012-12-17 17:49:17+00:00,13.23,0,Java,51191
Mojang/brigadier,https://github.com/Mojang/brigadier,3677,2014-09-15 08:48:24+00:00,11.49,3,Java,470
lisawray/groupie,https://github.com/lisawray/groupie,3673,2016-09-01 20:59:35+00:00,9.53,28,Java,678
yangfuhai/ASimpleCache,https://github.com/yangfuhai/ASimpleCache,3665,2013-07-28 13:50:59+00:00,12.62,0,Java,719
google/rejoiner,https://github.com/google/rejoiner,3665,2017-12-06 19:09:53+00:00,8.27,3,Java,793
mbechler/marshalsec,https://github.com/mbechler/marshalsec,3662,2017-05-22 11:43:57+00:00,8.81,0,Java,469
KunMinX/Linkage-RecyclerView,https://github.com/KunMinX/Linkage-RecyclerView,3660,2019-04-22 04:39:46+00:00,6.89,0,Java,761
Haleydu/Cimoc,https://github.com/Haleydu/Cimoc,3660,2020-07-09 03:09:02+00:00,5.68,61,Java,15827
anggrayudi/android-hidden-api,https://github.com/anggrayudi/android-hidden-api,3657,2015-09-16 11:58:33+00:00,10.49,2,Java,334972
dropbox/hackpad,https://github.com/dropbox/hackpad,3657,2015-08-14 02:32:17+00:00,10.58,0,Java,110132
spring-io/initializr,https://github.com/spring-io/initializr,3655,2013-06-07 16:02:22+00:00,12.76,18,Java,11568
fyhertz/libstreaming,https://github.com/fyhertz/libstreaming,3654,2013-01-30 21:24:47+00:00,13.11,0,Java,1537
DependencyTrack/dependency-track,https://github.com/DependencyTrack/dependency-track,3649,2013-07-16 19:16:43+00:00,12.66,75,Java,114071
NotHarshhaa/DevOps-Projects,https://github.com/NotHarshhaa/DevOps-Projects,3643,2023-08-09 04:19:38+00:00,2.59,0,Java,26706
huburt-Hu/NewbieGuide,https://github.com/huburt-Hu/NewbieGuide,3642,2017-07-28 06:54:05+00:00,8.62,20,Java,795
litesuits/android-common,https://github.com/litesuits/android-common,3632,2014-05-29 08:08:00+00:00,11.79,0,Java,594
fabric8io/kubernetes-client,https://github.com/fabric8io/kubernetes-client,3629,2015-07-09 15:43:13+00:00,10.68,130,Java,522617
apache/tika,https://github.com/apache/tika,3627,2009-05-21 02:12:11+00:00,16.81,0,Java,310828
TNG/ArchUnit,https://github.com/TNG/ArchUnit,3626,2017-04-21 08:39:20+00:00,8.89,43,Java,17290
spockframework/spock,https://github.com/spockframework/spock,3626,2010-12-12 19:02:34+00:00,15.25,28,Java,36250
PlexPt/chatgpt-java,https://github.com/PlexPt/chatgpt-java,3624,2022-12-07 04:55:33+00:00,3.26,24,Java,441
alibaba/Alink,https://github.com/alibaba/Alink,3621,2018-09-30 06:36:11+00:00,7.45,22,Java,18863
rockerhieu/emojicon,https://github.com/rockerhieu/emojicon,3609,2014-01-18 12:32:38+00:00,12.15,2,Java,9713
dtinit/data-transfer-project,https://github.com/dtinit/data-transfer-project,3608,2018-01-04 21:27:57+00:00,8.19,61,Java,11243
hmkcode/Android,https://github.com/hmkcode/Android,3607,2013-09-02 16:12:28+00:00,12.53,0,Java,1841
googlemaps/android-maps-utils,https://github.com/googlemaps/android-maps-utils,3598,2013-05-17 00:08:48+00:00,12.82,63,Java,22809
cSploit/android,https://github.com/cSploit/android,3589,2014-10-04 05:53:29+00:00,11.44,33,Java,39651
tyrantgit/ExplosionField,https://github.com/tyrantgit/ExplosionField,3587,2015-09-23 11:34:50+00:00,10.47,0,Java,1570
WVector/AppUpdate,https://github.com/WVector/AppUpdate,3586,2017-06-19 09:38:42+00:00,8.73,3,Java,50788
vert-x3/vertx-examples,https://github.com/vert-x3/vertx-examples,3586,2015-02-24 17:42:44+00:00,11.05,0,Java,52044
apache/logging-log4j2,https://github.com/apache/logging-log4j2,3585,2013-06-12 07:00:19+00:00,12.75,17,Java,144249
kikoso/android-stackblur,https://github.com/kikoso/android-stackblur,3583,2013-08-15 14:44:32+00:00,12.57,0,Java,6716
davideas/FlexibleAdapter,https://github.com/davideas/FlexibleAdapter,3572,2015-05-02 22:00:43+00:00,10.86,31,Java,10885
dongjunkun/DropDownMenu,https://github.com/dongjunkun/DropDownMenu,3571,2015-06-23 07:43:56+00:00,10.72,2,Java,14892
oasisfeng/island,https://github.com/oasisfeng/island,3569,2016-04-23 11:30:18+00:00,9.89,50,Java,3182
LinShunKang/MyPerf4J,https://github.com/LinShunKang/MyPerf4J,3567,2018-03-11 09:58:44+00:00,8.01,25,Java,1169
AxonFramework/AxonFramework,https://github.com/AxonFramework/AxonFramework,3561,2011-12-02 16:04:42+00:00,14.28,147,Java,76978
JakeWharton/ThreeTenABP,https://github.com/JakeWharton/ThreeTenABP,3560,2015-07-03 17:35:09+00:00,10.69,0,Java,439
code4craft/netty-learning,https://github.com/code4craft/netty-learning,3558,2013-09-19 02:24:25+00:00,12.48,0,Java,3362
termux/termux-api,https://github.com/termux/termux-api,3556,2015-07-03 00:57:59+00:00,10.69,53,Java,1343
bilibili/MagicaSakura,https://github.com/bilibili/MagicaSakura,3552,2016-06-23 07:54:59+00:00,9.72,3,Java,3043
dariuszseweryn/RxAndroidBle,https://github.com/dariuszseweryn/RxAndroidBle,3548,2016-02-04 13:42:02+00:00,10.1,60,Java,2949
immutables/immutables,https://github.com/immutables/immutables,3547,2013-07-07 13:48:23+00:00,12.68,21,Java,14374
Netflix/concurrency-limits,https://github.com/Netflix/concurrency-limits,3540,2017-12-11 19:32:41+00:00,8.25,103,Java,847
johncarl81/parceler,https://github.com/johncarl81/parceler,3538,2013-07-03 02:53:01+00:00,12.69,0,Java,1565
arimorty/floatingsearchview,https://github.com/arimorty/floatingsearchview,3535,2015-11-22 02:38:32+00:00,10.31,0,Java,7915
spring-cloud/spring-cloud-kubernetes,https://github.com/spring-cloud/spring-cloud-kubernetes,3534,2016-12-13 21:36:25+00:00,9.25,39,Java,61285
luontola/retrolambda,https://github.com/luontola/retrolambda,3526,2013-07-20 07:25:22+00:00,12.65,0,Java,1063
andremion/Music-Player,https://github.com/andremion/Music-Player,3524,2016-05-06 21:55:37+00:00,9.85,2,Java,24772
Guardsquare/proguard,https://github.com/Guardsquare/proguard,3521,2019-03-27 16:35:35+00:00,6.96,35,Java,7038
Nekogram/Nekogram,https://github.com/Nekogram/Nekogram,3519,2023-09-10 07:07:51+00:00,2.51,45,Java,525110
lenve/JavaEETest,https://github.com/lenve/JavaEETest,3514,2016-12-13 02:13:58+00:00,9.25,0,Java,27714
rom1v/sndcpy,https://github.com/rom1v/sndcpy,3513,2020-06-09 19:36:57+00:00,5.76,2,Java,171
lsjwzh/RecyclerViewPager,https://github.com/lsjwzh/RecyclerViewPager,3507,2015-01-17 18:30:34+00:00,11.15,10,Java,3248
eclipse-openj9/openj9,https://github.com/eclipse-openj9/openj9,3506,2017-08-25 13:46:07+00:00,8.55,56,Java,210830
nytimes/Store,https://github.com/nytimes/Store,3504,2016-11-29 20:17:11+00:00,9.28,0,Java,2538
M66B/NetGuard,https://github.com/M66B/NetGuard,3504,2015-10-24 17:59:20+00:00,10.38,165,Java,28783
baoyongzhang/SwipeMenuListView,https://github.com/baoyongzhang/SwipeMenuListView,3501,2014-08-24 15:40:45+00:00,11.55,2,Java,1854
codeestX/GeekNews,https://github.com/codeestX/GeekNews,3500,2016-08-07 14:56:56+00:00,9.6,0,Java,83845
apache/incubator-kie-optaplanner,https://github.com/apache/incubator-kie-optaplanner,3489,2011-02-15 19:38:23+00:00,15.07,6,Java,244662
KingJA/LoadSir,https://github.com/KingJA/LoadSir,3485,2017-09-02 08:32:15+00:00,8.53,6,Java,4024
WinterChenS/my-site,https://github.com/WinterChenS/my-site,3479,2018-05-03 09:05:37+00:00,7.86,0,Java,6369
phodal/migration,https://github.com/phodal/migration,3478,2020-01-08 02:11:38+00:00,6.18,0,Java,6167
getActivity/Toaster,https://github.com/getActivity/Toaster,3476,2018-09-16 05:28:57+00:00,7.49,38,Java,55702
Athou/commafeed,https://github.com/Athou/commafeed,3475,2013-03-20 19:32:09+00:00,12.98,66,Java,19956
ittianyu/BottomNavigationViewEx,https://github.com/ittianyu/BottomNavigationViewEx,3475,2016-11-12 08:39:38+00:00,9.33,19,Java,1770
rubensousa/PreviewSeekBar,https://github.com/rubensousa/PreviewSeekBar,3471,2017-01-24 23:52:44+00:00,9.13,10,Java,63625
